GSE Series,Biosample Name,Method,Gene,Platform,Experimental_GSM,Control_GSM
GSE102004,HMSC,ko,ATF6 + late passage,?,GSM2720316;GSM2720317,GSM2720318;GSM2720319
GSE102004,White Adipocytes (hWAPC),ko,ATF6,?,GSM2720328;GSM2720329,GSM2720334;GSM2720335
GSE102004,White Adipocytes (hWAPC),ko,ATF6 + tunicamycin,?,GSM2720330;GSM2720331,GSM2720332;GSM2720333
GSE102004,HMSC,ko,ATF6,?,GSM2720336;GSM2720337,GSM2720342;GSM2720343
GSE102004,HMSC,ko,ATF6 + tunicamycin,?,GSM2720338;GSM2720339,GSM2720340;GSM2720341
GSE102460,B cells,siRNA,BACH2,?,GSM2738056;GSM2738057;GSM2738058,GSM2738053;GSM2738054;GSM2738055
GSE102498,HCAECs,siRNA,JCAD,?,GSM2739665;GSM2739666;GSM2739667,GSM2739663;GSM2739664
GSE102582,erythroblasts,shRNA,NCOA4,?,GSM2741438;GSM2741439,GSM2741436;GSM2741437
GSE102864,NHDF,shRNA,PTP4A1,?,GSM2747358;GSM2747359;GSM2747363;GSM2747364;GSM2747365;GSM2747369;GSM2747370;GSM2747371;GSM2747375,GSM2747360;GSM2747361;GSM2747362;GSM2747366;GSM2747367;GSM2747368;GSM2747372;GSM2747373;GSM2747374
GSE103122,CD34+,shRNA,RIOK3,?,GSM2754178;GSM2754179;GSM2754180;GSM2754181,GSM2754182;GSM2754183;GSM2754184;GSM2754185
GSE104759,HMLE,shRNA,SOX4,?,GSM2807293;GSM2807294,GSM2807289;GSM2807290
GSE104759,HMLE,shRNA,SOX4 + TGF-beta,?,GSM2807295;GSM2807296,GSM2807291;GSM2807292
GSE105951,IMR-90,shRNA,EP300,?,GSM2828809;GSM2828812,GSM2828811;GSM2828814
GSE105951,IMR-90,shRNA,EP300,?,GSM2828810;GSM2828813,GSM2828811;GSM2828814
GSE106170,UCBC,siRNA,NAP1L3,?,GSM2830961;GSM2830962;GSM2830963,GSM2830958;GSM2830959;GSM2830960
GSE106537,primary erythroid cells,shRNA,UCA1,?,GSM2840123;GSM2840124,GSM2840121;GSM2840122
GSE106566,primary erythroid cells,shRNA,PTBP1,?,GSM2842779;GSM2842780,GSM2842777;GSM2842778
GSE106661,endometrial epithelial cells,ko,ARID1A + Starvation,?,GSM2844646;GSM2844647;GSM3537269;GSM3537270,GSM2844644;GSM2844645;GSM3537267;GSM3537268
GSE106661,endometrial epithelial cells,ko,ARID1A,?,GSM2844650;GSM2844651;GSM3537273;GSM3537274,GSM2844648;GSM2844649;GSM3537271;GSM3537272
GSE107878,Neuron,ko,SCN2A,?,GSM2884977;GSM2885013;GSM2885014;GSM2885015,GSM2884974;GSM2884975;GSM2884976;GSM2884986
GSE107878,Neuron,ko,KCNQ2,?,GSM2884978;GSM2884991;GSM2884992;GSM2885012,GSM2884974;GSM2884975;GSM2884976;GSM2884986
GSE107878,Neuron,ko,ASTN2,?,GSM2884979;GSM2884995;GSM2884999,GSM2884974;GSM2884975;GSM2884976;GSM2884986
GSE107878,Neuron,ko,CHD8,?,GSM2884980;GSM2885004;GSM2885005;GSM2885006,GSM2884974;GSM2884975;GSM2884976;GSM2884986
GSE107878,Neuron,ko,ATRX,?,GSM2884981;GSM2884989;GSM2885000;GSM2885001,GSM2884974;GSM2884975;GSM2884976;GSM2884986
GSE107878,Neuron,ko,DLGAP2,?,GSM2884982;GSM2884990;GSM2885007;GSM2885008,GSM2884974;GSM2884975;GSM2884976;GSM2884986
GSE107878,Neuron,ko,CACNA1C,?,GSM2884983;GSM2885002;GSM2885003,GSM2884974;GSM2884975;GSM2884976;GSM2884986
GSE107878,Neuron,ko,AFF2,?,GSM2884984;GSM2884988;GSM2884996;GSM2884997;GSM2884998,GSM2884974;GSM2884975;GSM2884976;GSM2884986
GSE107878,Neuron,ko,TENM1,?,GSM2884985;GSM2884993;GSM2884994;GSM2885016;GSM2885017,GSM2884974;GSM2884975;GSM2884976;GSM2884986
GSE107878,Neuron,ko,ANOS1,?,GSM2884987;GSM2885009;GSM2885010;GSM2885011,GSM2884974;GSM2884975;GSM2884976;GSM2884986
GSE107956,CD34+ cells,siRNA,YTHDF2,?,GSM2884215;GSM2884216;GSM2884217,GSM2884212;GSM2884213;GSM2884214
GSE108115,Neuron,ko,TP53BP1,?,GSM2890262;GSM2890263;GSM2890264,GSM2890265;GSM2890266
GSE108352,CCD-8Lu,siRNA,NUDT21,?,GSM2895858;GSM2895859,GSM2895856;GSM2895857
GSE110268,MSCs,shRNA,FOXD1,?,GSM2983812;GSM2983813;GSM2983814,GSM2983803;GSM2983804;GSM2983805
GSE110268,MSCs,ko,YAP,?,GSM2983806;GSM2983807;GSM2983808,GSM2983803;GSM2983804;GSM2983805
GSE110268,MSCs,ko,TAZ,?,GSM2983809;GSM2983810;GSM2983811,GSM2983803;GSM2983804;GSM2983805
GSE110556,AoSMC,siRNA,H19,?,GSM3000405;GSM3000406;GSM3000408,GSM3000399;GSM3000401;GSM3000403
GSE110557,UtSMC,siRNA,H19,?,GSM3000445;GSM3000447;GSM3000449,GSM3000440;GSM3000441;GSM3000443
GSE111786,human keratinocyte precursor cells,shRNA,KLF4,?,GSM3039694;GSM3039695;GSM3039696;GSM3039697;GSM3039698;GSM3039699;GSM3039700;GSM3039701;GSM3039702,GSM3039677;GSM3039678;GSM3039679;GSM3039680;GSM3039681;GSM3039682;GSM3039683;GSM3039684;GSM3039685;GSM3039686;GSM3039687;GSM3039688;GSM3039689;GSM3039690;GSM3039691;GSM3039692;GSM3039693
GSE112007,RWPE-1,inhibit,SOD1,?,GSM3052836;GSM3052837;GSM3052838,GSM3052833;GSM3052834;GSM3052835
GSE114284,BEAS-2B,ko,IRF1,?,GSM3138806;GSM3138809;GSM3138812,GSM3138797;GSM3138800;GSM3138803
GSE114284,BEAS-2B,ko,IRF1 + IFNB,?,GSM3138807;GSM3138810;GSM3138813,GSM3138797;GSM3138800;GSM3138803
GSE114284,BEAS-2B,ko,IRF1 + IFNL,?,GSM3138808;GSM3138811;GSM3138814,GSM3138797;GSM3138800;GSM3138803
GSE114844,HLF,ko,PDX1,?,GSM3151465;GSM3151466,GSM3151463;GSM3151464
GSE115311,hVEC,ko,NFKBIA,?,GSM3175346;GSM3175347,GSM3175342;GSM3175343
GSE115311,hVEC + TNF treatment,ko,NFKBIA,?,GSM3175344;GSM3175345,GSM3175340;GSM3175341
GSE115311,hVEC,ko,RELA,?,GSM3175350;GSM3175351,GSM3175342;GSM3175343
GSE115311,hVEC + TNF treatment,ko,RELA,?,GSM3175348;GSM3175349,GSM3175340;GSM3175341
GSE115311,hVSMC,ko,NFKBIA,?,GSM3175358;GSM3175359,GSM3175354;GSM3175355
GSE115311,hVSMC + TNF treatment,ko,NFKBIA,?,GSM3175356;GSM3175357,GSM3175352;GSM3175353
GSE115311,hVSMC,ko,RELA,?,GSM3175362;GSM3175363,GSM3175354;GSM3175355
GSE115311,hVSMC + TNF treatment,ko,RELA,?,GSM3175360;GSM3175361,GSM3175352;GSM3175353
GSE115311,hMSC,ko,NFKBIA,?,GSM3175370;GSM3175371,GSM3175364;GSM3175365
GSE115311,hMSC + TNF treatment,ko,NFKBIA,?,GSM3175374;GSM3175375,GSM3175368;GSM3175369
GSE115311,hMSC + IL1B treatment,ko,NFKBIA,?,GSM3175372;GSM3175373,GSM3175366;GSM3175367
GSE115311,hMSC,ko,RELA,?,GSM3175376;GSM3175377,GSM3175364;GSM3175365
GSE115311,hMSC + TNF treatment,ko,RELA,?,GSM3175380;GSM3175381,GSM3175368;GSM3175369
GSE115311,hMSC + IL1B treatment,ko,RELA,?,GSM3175378;GSM3175379,GSM3175366;GSM3175367
GSE115318,HCASMC,siRNA,SMAD3,?,GSM3175521;GSM3175522;GSM3175523,GSM3175518;GSM3175519;GSM3175520
GSE115364,NHA,ko,IDH3A,?,GSM3176585;GSM3176586;GSM3176587;GSM3176588,GSM3176581;GSM3176582;GSM3176583;GSM3176584
GSE115421,hASC,siRNA,NFIA,?,GSM3416390;GSM3416391;GSM3416392,GSM3416384;GSM3416385;GSM3416386
GSE115421,hASC + rosiglitazone,siRNA,NFIA,?,GSM3416393;GSM3416394;GSM3416395,GSM3416387;GSM3416388;GSM3416389
GSE115789,MSC,siRNA,USP34,?,GSM3189990;GSM3189991,GSM3189988;GSM3189989
GSE115845,HEM,siRNA,MITF,?,GSM3191783;GSM3191784,GSM3191785;GSM3191786
GSE116033,HUVEC,siRNA,MST1,?,GSM3207738;GSM3207739;GSM3207740,GSM3207732;GSM3207733;GSM3207734
GSE116033,HUVEC,siRNA,FOXO1,?,GSM3207735;GSM3207736;GSM3207737,GSM3207732;GSM3207733;GSM3207734
GSE118088,NPC,shRNA,ATF7IP,?,GSM3318480;GSM3318481;GSM3318482,GSM3318477;GSM3318478;GSM3318479
GSE119264,HSPCs,shRNA,RUNX3,?,GSM3362528;GSM3362532;GSM3362536,GSM3362527;GSM3362531;GSM3362535
GSE119264,Erythroid cells,shRNA,RUNX3,?,GSM3362530;GSM3362534;GSM3362538,GSM3362529;GSM3362533;GSM3362537
GSE120766,1BR3,siRNA,MCM2,?,GSM3414962;GSM3414963;GSM3414964,GSM3414959;GSM3414960;GSM3414961
GSE120767,1BR3,siRNA,MCM7,?,GSM3414968;GSM3414969;GSM3414970,GSM3414965;GSM3414966;GSM3414967
GSE121560,HSC,ko,KLF6,?,GSM3439213;GSM3439215;GSM3439217;GSM3439219,GSM3439214;GSM3439216;GSM3439218;GSM3439220
GSE121680,HCEnC,ko,ZEB1,?,GSM3443290;GSM3443291;GSM3443292,GSM3443284;GSM3443285;GSM3443286
GSE122490,HUVEC,shRNA,SENCR,?,GSM3467285;GSM3467286;GSM3467287,GSM3467282;GSM3467283;GSM3467284
GSE122654,MSC,ko,RAP1GAP,?,GSM3477316;GSM3477317,GSM3477314;GSM3477315
GSE122654,NSC,ko,RAP1GAP,?,GSM3477324;GSM3477325,GSM3477322;GSM3477323
GSE125167,MSC,siRNA,ZBTB16,?,GSM3564547;GSM3564548;GSM3564549,GSM3564538;GSM3564539;GSM3564540
GSE127116,IMR90,siRNA,TLR10,?,GSM3625669;GSM3625672;GSM3625676;GSM3625679;GSM3625683;GSM3625686,GSM3625667;GSM3625670;GSM3625674;GSM3625677;GSM3625681;GSM3625684
GSE127116,IMR90,siRNA,TLR2,?,GSM3625668;GSM3625671;GSM3625675;GSM3625678;GSM3625682;GSM3625685,GSM3625667;GSM3625670;GSM3625674;GSM3625677;GSM3625681;GSM3625684
GSE127116,IMR90,Overexpression,NRAS,?,GSM3625667;GSM3625670;GSM3625674;GSM3625677;GSM3625681;GSM3625684,GSM3625666;GSM3625673;GSM3625680
GSE127223,primary human neonatal keratinocytes,siRNA,CPSF1,?,GSM3631157;GSM3631158,GSM3631155;GSM3631156
GSE127223,primary human neonatal keratinocytes,CrISPRi,CPSF1,?,GSM4077831;GSM4077832;GSM4077833,GSM4077834;GSM4077835
GSE127223,primary human neonatal keratinocytes,shRNA,HNRNPA3,?,GSM4648996;GSM4648997,GSM4648998;GSM4648999
GSE127736,podocytes,shRNA,EXOC5,?,GSM3637947;GSM3637948;GSM3637949,GSM3637944;GSM3637945;GSM3637946
GSE127880,HDF,siRNA,APP,?,GSM3640462;GSM3640463;GSM3640464,GSM3640450;GSM3640451;GSM3640452
GSE127880,HDF,siRNA,APP,?,GSM3640465;GSM3640466;GSM3640467,GSM3640453;GSM3640454;GSM3640455
GSE128711,HFF,ko,RB1,?,GSM3683597;GSM3683598,GSM3683589;GSM3683590
GSE128711,HFF,ko,RBL2,?,GSM3683593;GSM3683594,GSM3683589;GSM3683590
GSE128711,HFF + doxorubicin,ko,RB1,?,GSM3683599;GSM3683600,GSM3683591;GSM3683592
GSE128711,HFF + doxorubicin,ko,RBL2,?,GSM3683595;GSM3683596,GSM3683591;GSM3683592
GSE128711,HFF,ko,RB1 + RBL2,?,GSM3683601;GSM3683602,GSM3683589;GSM3683590
GSE128711,HFF + doxorubicin,ko,RB1 + RBL2,?,GSM3683603;GSM3683604,GSM3683591;GSM3683592
GSE129603,HSPC,shRNA,SF3A2,?,GSM3716823;GSM3716824;GSM3716825,GSM3716829;GSM3716830;GSM3716831
GSE129603,HSPC,shRNA,SF3A2,?,GSM3716826;GSM3716827;GSM3716828,GSM3716829;GSM3716830;GSM3716831
GSE132081,HFF-1,siRNA,RC3H1,?,GSM3842229;GSM3842233,GSM3842213;GSM3842225
GSE133000,Human Umbilical Vein Endothelial Cell,shRNA,EGFL6,?,GSM3897996;GSM3897997;GSM3897998,GSM3897993;GSM3897994;GSM3897995
GSE133737,NHEK,inhibit,KDM1A,?,GSM3926274;GSM3926275,GSM3926276;GSM3926277
GSE136002,HCPECs,siRNA,MAPK6,?,GSM4039251;GSM4039255;GSM4039259,GSM4039249;GSM4039253;GSM4039257
GSE136957,HCM,siRNA,CYP2J2,?,GSM4063668;GSM4063669;GSM4063670,GSM4063665;GSM4063666;GSM4063667
GSE137083,NHDF,siRNA,PML,?,GSM4066619;GSM4066620;GSM4066621,GSM4066616;GSM4066617;GSM4066618
GSE137129,NSC,ko,UGP2,?,GSM4067423;GSM4067424,GSM4067421;GSM4067422
GSE137129,NSC,knockin,UGP2,?,GSM4067425;GSM4067426,GSM4067421;GSM4067422
GSE137276,HDF,siRNA,NUDT21,?,GSM4074310;GSM4074312;GSM4074314;GSM4074316;GSM4074318,GSM4074311;GSM4074313;GSM4074315;GSM4074317;GSM4074319
GSE137425,Huvec,ko,PDCD10,?,GSM4079085;GSM4079086;GSM4079087,GSM4079082;GSM4079083;GSM4079084
GSE137426,Huvec,ko,PDCD10,?,GSM4079091;GSM4079092;GSM4079093,GSM4079088;GSM4079089;GSM4079090
GSE137426,Huvec,ko,PDCD10 + Fibronectin,?,GSM4079094;GSM4079095;GSM4079096,GSM4079088;GSM4079089;GSM4079090
GSE138512,MSC,siRNA,TMPO,?,GSM4110095;GSM4110096,GSM4110097;GSM4110098
GSE139581,HUtSMC,ko,JUN,?,GSM4143959;GSM4143960;GSM4143961,GSM4143962;GSM4143963;GSM4143964
GSE140026,M0 Macrophages,ko,ATF4,?,GSM4151644;GSM4151645;GSM4151646,GSM4151641;GSM4151642;GSM4151643
GSE140026,M1 Macrophages,ko,ATF4,?,GSM4151653;GSM4151654;GSM4151655,GSM4151650;GSM4151651;GSM4151652
GSE140026,M2 Macrophages,ko,ATF4,?,GSM4151662;GSM4151663;GSM4151664,GSM4151659;GSM4151660;GSM4151661
GSE140026,M0 Macrophages,ko,EIF2AK4,?,GSM4151647;GSM4151648;GSM4151649,GSM4151641;GSM4151642;GSM4151643
GSE140026,M1 Macrophages,ko,EIF2AK4,?,GSM4151656;GSM4151657;GSM4151658,GSM4151650;GSM4151651;GSM4151652
GSE140026,M2 Macrophages,ko,EIF2AK4,?,GSM4151665;GSM4151666;GSM4151667,GSM4151659;GSM4151660;GSM4151661
GSE140471,NHA,ko,CIC,?,GSM4162580;GSM4162581;GSM4162582,GSM4162577;GSM4162578;GSM4162579
GSE140471,NHA,ko,CIC,?,GSM4162583;GSM4162584;GSM4162585,GSM4162577;GSM4162578;GSM4162579
GSE140471,NHA,ko,ATXN1L,?,GSM4162586;GSM4162587;GSM4162588,GSM4162577;GSM4162578;GSM4162579
GSE140471,NHA,ko,ATXN1L,?,GSM4162589;GSM4162590;GSM4162591,GSM4162577;GSM4162578;GSM4162579
GSE140990,NHK,siRNA,CREBBP,?,GSM4192047;GSM4192048,GSM4192039;GSM4192040
GSE140990,NHK,siRNA,EP300,?,GSM4192049;GSM4192050,GSM4192039;GSM4192040
GSE140990,NHK,siRNA,KLF3,?,GSM4192041;GSM4192042,GSM4192039;GSM4192040
GSE140990,NHK,siRNA,KLF4,?,GSM4192043;GSM4192044,GSM4192039;GSM4192040
GSE140990,NHK,siRNA,KLF3 + KLF4,?,GSM4192045;GSM4192046,GSM4192039;GSM4192040
GSE141099,HDF,mut,AGO2,?,GSM4194982;GSM4194983;GSM4194984,GSM4194977;GSM4194978;GSM4194979;GSM4194980;GSM4194981
GSE141783,HUVECs,siRNA,IL6,?,GSM4213184;GSM4213185;GSM4213186;GSM4213187,GSM4213180;GSM4213181;GSM4213182;GSM4213183
GSE142385,hepatocytes,siRNA,LOC157273,?,GSM4226626;GSM4226627;GSM4226628;GSM4226629;GSM4226630;GSM4226631,GSM4226623;GSM4226624;GSM4226625
GSE142636,HCEC,siRNA,SLC4A11,?,GSM4233275;GSM4233276;GSM4233277,GSM4233272;GSM4233273;GSM4233274
GSE143692,NPC,shRNA,POU3F2,?,GSM4272693;GSM4272694;GSM4272695,GSM4272696;GSM4272697;GSM4272698
GSE143692,NPC,shRNA,TRIM8,?,GSM4272699;GSM4272700;GSM4272701,GSM4272702;GSM4272703;GSM4272704
GSE145203,FLS,shRNA,EIF2AK4,?,GSM4308412;GSM4308413,GSM4308404;GSM4308405
GSE145203,FLS + Halofuginone,shRNA,EIF2AK4,?,GSM4308414;GSM4308415,GSM4308406;GSM4308407
GSE145203,FLS + TNF,shRNA,EIF2AK4,?,GSM4308416;GSM4308417,GSM4308408;GSM4308409
GSE145203,FLS + TNF + Halofuginone,shRNA,EIF2AK4,?,GSM4308418;GSM4308419,GSM4308410;GSM4308411
GSE149485,NSC,ko,TP53,?,GSM4503596;GSM4503597,GSM4503594;GSM4503595
GSE149485,NSC,ko,TP53 + CDKN2A,?,GSM4503598;GSM4503599,GSM4503594;GSM4503595
GSE149485,NSC,ko,TP53 + CDKN2A + PTEN,?,GSM4503600;GSM4503601,GSM4503594;GSM4503595
GSE149485,NSC,ko,TP53 + CDKN2A + PTEN + NF1,?,GSM4503602;GSM4503603,GSM4503594;GSM4503595
GSE150155,NK,ko,CISH,?,GSM4525222;GSM4525223,GSM4525220;GSM4525221
GSE150341,CD34+ cells,shRNA,EIF2AK1,?,GSM4547187;GSM4547188,GSM4547185;GSM4547186
GSE150341,CD34+ cells + UNC0638,shRNA,EIF2AK1,?,GSM4547195;GSM4547196,GSM4547193;GSM4547194
GSE150540,HUVEC,siRNA,ADA2,?,GSM4551981;GSM4551982;GSM4551983,GSM4551978;GSM4551979;GSM4551980
GSE150540,HUVEC,siRNA,ADA2 + Dipyridamole,?,GSM4551990;GSM4551991;GSM4551992,GSM4551984;GSM4551985;GSM4551986
GSE150540,HUVEC,siRNA,ADA2,?,GSM4551987;GSM4551988;GSM4551989,GSM4551984;GSM4551985;GSM4551986
GSE150572,MDMs,siRNA,GAPLINC,?,GSM4552495;GSM4552496,GSM4552493;GSM4552494
GSE150936,MSC,ko,ALKBH1,?,GSM4561536;GSM4561537,GSM4561538;GSM4561539
GSE150945,NPC,siRNA,GNL3,?,GSM4561661;GSM4561662;GSM4561663;GSM4561664;GSM4561665,GSM4561666;GSM4561667;GSM4561668
GSE151250,HSC,shRNA,GIPC1,?,GSM4569613;GSM4569614;GSM4569615,GSM4569610;GSM4569611;GSM4569612
GSE151435,hDPSCs,siRNA,GDF11,?,GSM4578039;GSM4578040;GSM4578041,GSM4578036;GSM4578037;GSM4578038
GSE151610,ARPE-19,shRNA,EMP2,?,GSM4586571;GSM4586579;GSM4586587,GSM4586573;GSM4586581;GSM4586589
GSE151610,ARPE-19,Overexpression,EMP2,?,GSM4586572;GSM4586580;GSM4586588,GSM4586573;GSM4586581;GSM4586589
GSE151610,ARPE-19 + Hypoxia,shRNA,EMP2,?,GSM4586567;GSM4586575;GSM4586583,GSM4586569;GSM4586577;GSM4586585
GSE151610,ARPE-19 + Hypoxia,Overexpression,EMP2,?,GSM4586568;GSM4586576;GSM4586584,GSM4586569;GSM4586577;GSM4586585
GSE151924,HUVEC,siRNA,ADA2,?,GSM4593844;GSM4593845;GSM4593846,GSM4593841;GSM4593842;GSM4593843
GSE152562,HCEC,shRNA,APC,?,GSM4618277;GSM4618278;GSM4618279,GSM4618274;GSM4618275;GSM4618276
GSE153448,HASMCs,siRNA,SMARCD1,?,GSM4644385;GSM4644386;GSM4644387;GSM4644388,GSM4644381;GSM4644382;GSM4644383;GSM4644384
GSE154482,NPC,ko,TCF3,?,GSM4671928;GSM4671929;GSM4671930,GSM4671925;GSM4671926;GSM4671927
GSE154482,NPC,ko,TCF3,?,GSM4671931;GSM4671932;GSM4671933,GSM4671925;GSM4671926;GSM4671927
GSE154822,hDFCs,siRNA,CHD7,?,GSM4680705;GSM4680706;GSM4680707,GSM4680702;GSM4680703;GSM4680704
GSE155719,M-CSF-derived macrophages,siRNA,MAFB,?,GSM4711219;GSM4711220;GSM4711221,GSM4711216;GSM4711217;GSM4711218
GSE155719,M-CSF-derived macrophages,siRNA,MAF,?,GSM4711222;GSM4711223;GSM4711224,GSM4711216;GSM4711217;GSM4711218
GSE157012,NPC,shRNA,SMARCB1,?,GSM4750872;GSM4750873;GSM4750874,GSM4750870;GSM4750871
GSE157012,Neuron,shRNA,SMARCB1,?,GSM4750884;GSM4750885,GSM4750882;GSM4750883
GSE159853,HFF-1,ko,ZC3HAV1,?,GSM4848761;GSM4848762,GSM4848751;GSM4848752
GSE159894,human primary microvascular endothelial cells,shRNA,SEPTIN2,?,GSM4849559;GSM4849560,GSM4849557;GSM4849558
GSE161815,HUVEC,ko,MYC,?,GSM4915119;GSM4915120;GSM4915121,GSM4915116;GSM4915117;GSM4915118
GSE161846,hSAEC,shRNA,SMARCA4,?,GSM4915898;GSM4915899;GSM4915900;GSM4915901,GSM4915890;GSM4915891;GSM4915892;GSM4915893
GSE164595,GM12878,CRISPRi,XIST,?,GSM5014642;GSM5014643,GSM5014640;GSM5014641
GSE164595,GM12878 + DNMT inhibitors,CRISPRi,XIST,?,GSM5014646;GSM5014647,GSM5014644;GSM5014645
GSE164595,GM12878,CRISPRi,TRIM28,?,GSM5014652;GSM5014653,GSM5014640;GSM5014641
GSE164595,IMR90,CRISPRi,XIST,?,GSM5014658;GSM5014659,GSM5014656;GSM5014657
GSE166429,HFF-1,shRNA,COX4I1,?,GSM5071125;GSM5071126;GSM5071127;GSM5071128;GSM5071129,GSM5071120;GSM5071121;GSM5071122;GSM5071123;GSM5071124
GSE167197,oenocytes,siRNA,PEX5,?,GSM5098898;GSM5098899;GSM5098900,GSM5098895;GSM5098896;GSM5098897
GSE167197,oenocytes,Overexpression,PEX5 C11A mutant,?,GSM5098904;GSM5098905;GSM5098906,GSM5098901;GSM5098902;GSM5098903
GSE44461,HCA-SMCs,siRNA,TCF21,?,GSM1085739;GSM1085740;GSM1085741,GSM1085736;GSM1085737;GSM1085738
GSE46056,human primary CD34+,shRNA,PRMT4,?,GSM1122676;GSM1122677;GSM1122678,GSM1122673;GSM1122674;GSM1122675
GSE51878,HCASMC,shRNA,SENCR,?,GSM1254457;GSM1254458;GSM1254459,GSM1254460;GSM1254461;GSM1254462
GSE54846,IMR-90,shRNA,MACROH2A1,?,GSM1325077;GSM1325078;GSM1325079,GSM1325074;GSM1325075;GSM1325076
GSE59089,CD34+ HSPC-derived proerythroblasts,shRNA,EED,?,GSM1427141;GSM1427142;GSM1427143,GSM1427132;GSM1427133;GSM1427134
GSE59089,CD34+ HSPC-derived proerythroblasts,shRNA,EZH1,?,GSM1427135;GSM1427136;GSM1427137,GSM1427132;GSM1427133;GSM1427134
GSE59089,CD34+ HSPC-derived proerythroblasts,shRNA,EZH2,?,GSM1427138;GSM1427139;GSM1427140,GSM1427132;GSM1427133;GSM1427134
GSE59089,CD34+ HSPC-derived proerythroblasts,shRNA,SUZ12,?,GSM1427144;GSM1427145;GSM1427146,GSM1427132;GSM1427133;GSM1427134
GSE60217,Huvec,siRNA,ADAR1,?,GSM2033144;GSM2033145;GSM2033146,GSM2033141;GSM2033142;GSM2033143
GSE60217,Huvec + Hypoxia,siRNA,ADAR1,?,GSM2033150;GSM2033151;GSM2033152,GSM2033147;GSM2033148;GSM2033149
GSE60664,low passage primary melanoma cultures,shRNA,TEAD1/2/3/4,?,GSM1484332;GSM1484333;GSM1484334,GSM1484329;GSM1484330;GSM1484331
GSE61491,NPCs,shRNA,CHD8,?,GSM1506106;GSM1506107,GSM1506120;GSM1506121
GSE61491,NPCs,shRNA,CHD8,?,GSM1506108;GSM1506109,GSM1506120;GSM1506121
GSE61491,NPCs,shRNA,CHD8,?,GSM1506110;GSM1506111,GSM1506120;GSM1506121
GSE61491,NPCs,shRNA,CHD8,?,GSM1506112;GSM1506113,GSM1506120;GSM1506121
GSE61491,NPCs,shRNA,CHD8,?,GSM1506114;GSM1506115,GSM1506120;GSM1506121
GSE61491,NPCs,shRNA,CHD8,?,GSM1506116;GSM1506117,GSM1506120;GSM1506121
GSE61491,NPCs,shRNA,CHD8,?,GSM1506118;GSM1506119,GSM1506122;GSM1506123
GSE61794,MSC,shRNA,PTEN,?,GSM1513910;GSM1513911,GSM1513908;GSM1513909
GSE61794,NSCs,shRNA,PTEN,?,GSM1513906;GSM1513907,GSM1513904;GSM1513905
GSE62974,HUVEC,siRNA,EPAS1,?,GSM1537576;GSM1537577;GSM1537578,GSM1537573;GSM1537574;GSM1537575
GSE62982,ECs,shRNA,PPARY,?,GSM1537607;GSM1537608;GSM1537609,GSM1537603;GSM1537604;GSM1537605;GSM1537606
GSE67382,primary human neonatal keratinocytes,siRNA,BAF,?,GSM1921006;GSM1921007,GSM1921004;GSM1921005
GSE67382,primary human neonatal keratinocytes,siRNA,TP63,?,GSM1921008;GSM1921009,GSM1921004;GSM1921005
GSE68323,Primary Skeletal Muscle Cells,siRNA,VDR,?,GSM1668427;GSM1668429;GSM1668431;GSM1668433,GSM1668419;GSM1668421;GSM1668423;GSM1668425
GSE68323,Primary Skeletal Muscle Cells + Ethanol,siRNA,VDR,?,GSM1668426;GSM1668428;GSM1668430;GSM1668432,GSM1668418;GSM1668420;GSM1668422;GSM1668424
GSE71164,HUVEC,shRNA,EZH2,?,GSM1828763;GSM1828764;GSM1828765,GSM1828760;GSM1828761;GSM1828762
GSE71164,HUVEC + Fluid Shear Stress,shRNA,EZH2,?,GSM1828769;GSM1828770;GSM1828771,GSM1828766;GSM1828767;GSM1828768
GSE74324,IMR-90 (Proliferating),shRNA,P16/P21,?,GSM1917119;GSM1917120;GSM1917121,GSM1917083;GSM1917084;GSM1917085
GSE74324,IMR-90 (Proliferating),shRNA,BRD4,?,GSM1917110;GSM1917111;GSM1917112,GSM1917083;GSM1917084;GSM1917085
GSE74324,IMR-90 (Quiescent),shRNA,BRD4,?,GSM1917113;GSM1917114;GSM1917115,GSM1917086;GSM1917087;GSM1917088
GSE74324,IMR-90 (Senescent),shRNA,BRD4,?,GSM1917116;GSM1917117;GSM1917118,GSM1917089;GSM1917090;GSM1917091
GSE74324,IMR-90 (Quiescent),shRNA,P16/P21,?,GSM1917122;GSM1917123;GSM1917124,GSM1917086;GSM1917087;GSM1917088
GSE74324,IMR-90 (Senescent),shRNA,P16/P21,?,GSM1917125;GSM1917126;GSM1917127,GSM1917089;GSM1917090;GSM1917091
GSE74324,IMR-90 (Proliferating),shRNA,P53,?,GSM1917092;GSM1917093;GSM1917094,GSM1917083;GSM1917084;GSM1917085
GSE74324,IMR-90 (Quiescent),shRNA,P53,?,GSM1917095;GSM1917096;GSM1917097,GSM1917086;GSM1917087;GSM1917088
GSE74324,IMR-90 (Senescent),shRNA,P53,?,GSM1917098;GSM1917099;GSM1917100,GSM1917089;GSM1917090;GSM1917091
GSE74324,IMR-90 (Proliferating),shRNA,P53/RB,?,GSM1917128;GSM1917129;GSM1917130,GSM1917083;GSM1917084;GSM1917085
GSE74324,IMR-90 (Quiescent),shRNA,P53/RB,?,GSM1917131;GSM1917132;GSM1917133,GSM1917086;GSM1917087;GSM1917088
GSE74324,IMR-90 (Senescent),shRNA,P53/RB,?,GSM1917134;GSM1917135;GSM1917136,GSM1917089;GSM1917090;GSM1917091
GSE74324,IMR-90 (Proliferating),shRNA,P65,?,GSM1917101;GSM1917102;GSM1917103,GSM1917083;GSM1917084;GSM1917085
GSE74324,IMR-90 (Quiescent),shRNA,P65,?,GSM1917104;GSM1917105;GSM1917106,GSM1917086;GSM1917087;GSM1917088
GSE74324,IMR-90 (Senescent),shRNA,P65,?,GSM1917107;GSM1917108;GSM1917109,GSM1917089;GSM1917090;GSM1917091
GSE76572,HFF-1,shRNA,CAPER,?,GSM2028118;GSM2028119,GSM2028114;GSM2028115
GSE76572,HFF-1,shRNA,TBX3,?,GSM2028116;GSM2028117,GSM2028114;GSM2028115
GSE76572,HFF-1,shRNA,UCA1,?,GSM2028122;GSM2028123,GSM2028114;GSM2028115
GSE76647,human primary keratinocytes,siRNA,FOXC1,?,GSM2031987;GSM2031988;GSM2031989;GSM2031990;GSM2031991,GSM2031982;GSM2031983;GSM2031984;GSM2031985;GSM2031986
GSE77108,HAEC,siRNA,EP300,?,GSM2044431;GSM2044432;GSM2044433,GSM2044428;GSM2044429;GSM2044430
GSE77260,MSCs,siRNA,E2F1,?,GSM2046885;GSM2046886;GSM2046887;GSM2046888;GSM2046889;GSM2046890,GSM2046879;GSM2046880;GSM2046881;GSM2046882;GSM2046883;GSM2046884
GSE77523,HAF,shRNA,PTB,?,GSM2053628;GSM2053629,GSM2053624;GSM2053625
GSE77702,Motor Neuron,shRNA,FUS,?,GSM2056794;GSM2056795,GSM2056798;GSM2056799
GSE77702,Motor Neuron,shRNA,TAF15,?,GSM2056800;GSM2056801,GSM2056798;GSM2056799
GSE77702,Motor Neuron,shRNA,TDP43,?,GSM2056802;GSM2056803,GSM2056798;GSM2056799
GSE77702,Motor Neuron,shRNA,FUS + TAF15,?,GSM2056796;GSM2056797,GSM2056798;GSM2056799
GSE78271,PASMC,ko,ENG,?,GSM2070757;GSM2070758;GSM2070759,GSM2070754;GSM2070755;GSM2070756
GSE79724,pancreatic islets,shRNA,NKX2.2,?,GSM2101629;GSM2101630;GSM2101631,GSM2101626;GSM2101627;GSM2101628
GSE80386,HBECs,siRNA,INTS12,?,GSM2125485;GSM2125486;GSM2125487,GSM2125482;GSM2125483;GSM2125484
GSE80386,HBECs,siRNA,INTS12,?,GSM2125488;GSM2125489;GSM2125490,GSM2125482;GSM2125483;GSM2125484
GSE80979,HPrEC,shRNA,COX2,?,GSM2139700;GSM2139701;GSM2139702,GSM2139697;GSM2139698;GSM2139699
GSE81405,primary dermal fibroblasts,inhibit,CAF,?,GSM2430220;GSM2430221;GSM2430223;GSM2430224,GSM2430219;GSM2430222
GSE83299,HDLEC,siRNA,PROX1,?,GSM2198600;GSM2198601;GSM2198602,GSM2198597;GSM2198598;GSM2198599
GSE83299,HDLEC,siRNA,TIE2,?,GSM2198603;GSM2198604;GSM2198605,GSM2198597;GSM2198598;GSM2198599
GSE83381,PBMC derived macrophage,siRNA,SP140,?,GSM2344752;GSM2344756,GSM2344751;GSM2344755
GSE83484,Coriell Line ND29510,siRNA,SUPT4H1,?,GSM2204235;GSM2204236,GSM2204233;GSM2204234
GSE83484,Coriell Line ND38530,siRNA,SUPT4H1,?,GSM2204239;GSM2204240,GSM2204237;GSM2204238
GSE84135,hSAEC,shRNA,RELA,?,GSM2227592;GSM2227593;GSM2227594,GSM2227583;GSM2227584;GSM2227585
GSE84877,HUVEC,siRNA,TP53,?,GSM2252989;GSM2252990;GSM2252991,GSM2252986;GSM2252987;GSM2252988
GSE84877,HUVEC,siRNA,PKM2,?,GSM2252992;GSM2252993;GSM2252994,GSM2252986;GSM2252987;GSM2252988
GSE84877,HUVEC,siRNA,TP53 + PKM2,?,GSM2252995;GSM2252996;GSM2252997,GSM2252986;GSM2252987;GSM2252988
GSE86910,HSPCs,shRNA,PHB2,?,GSM2310256;GSM2310257,GSM2310252;GSM2310253
GSE86910,HSPCs,shRNA,TFAM,?,GSM2310254;GSM2310255,GSM2310252;GSM2310253
GSE87055,macrophage,siRNA,PU1,?,GSM2320006;GSM2320007,GSM2320004;GSM2320005
GSE87055,monocyte,siRNA,PU1,?,GSM2320010;GSM2320011,GSM2320008;GSM2320009
GSE87055,neutrophil,siRNA,PU1,?,GSM2320014;GSM2320015,GSM2320012;GSM2320013
GSE87534,HUVEC,siRNA,EZH2,?,GSM2333482;GSM2333483;GSM2333484,GSM2333479;GSM2333480;GSM2333481
GSE87554,HUVEC,siRNA,YAP,?,GSM2333701;GSM2333702;GSM2333703,GSM2333698;GSM2333699;GSM2333700
GSE87710,primary human erythroid cells,shRNA,RBM38,?,GSM2339188;GSM2339189;GSM2339190;GSM2339191,GSM2339186;GSM2339187
GSE89183,Erythroid cells,shRNA,RPL5,?,GSM2360167;GSM2360168,GSM2360173;GSM2360174
GSE89183,Erythroid cells,shRNA,RPS19,?,GSM2360169;GSM2360170,GSM2360173;GSM2360174
GSE89183,Erythroid cells,shRNA,TSR2,?,GSM2360171;GSM2360172,GSM2360173;GSM2360174
GSE89588,SkMc,shRNA,STAUFEN,?,GSM2384968;GSM2384969;GSM2384970,GSM2384965;GSM2384966;GSM2384967
GSE89588,SkMc,shRNA,UPF1,?,GSM2384971;GSM2384972;GSM2384973,GSM2384965;GSM2384966;GSM2384967
GSE93629,HSC,shRNA,GIPC1,?,GSM2459131;GSM2459132;GSM2459133,GSM2459128;GSM2459129;GSM2459130
GSE93902,T cell precursors CD1a+,shRNA,BCL11B,?,GSM2464649;GSM2464653;GSM2464657,GSM2464647;GSM2464651;GSM2464655
GSE93902,T cell precursors CD1a-,shRNA,BCL11B,?,GSM2464648;GSM2464652;GSM2464656,GSM2464646;GSM2464650;GSM2464654
GSE94853,NSCs,mut,IDH1,?,GSM2486503;GSM2486504,GSM2486501;GSM2486502
GSE94853,NSCs,"mut, knock",IDH1 + TP53,?,GSM2486505;GSM2486506,GSM2486501;GSM2486502
GSE94853,NSCs,"mut, knock, knock",IDH1 + TP53 + ATRX,?,GSM2486507;GSM2486508,GSM2486501;GSM2486502
GSE95089,human motor neurons,mut,SOD1+/A272C,?,GSM2496035;GSM2496036,GSM2496033;GSM2496034
GSE96713,monocyte-derived Mo-GMCSF[IL4 (0-72h)] cell,siRNA,NCOR2,?,GSM2538871;GSM2538872;GSM2538873,GSM2538874;GSM2538875;GSM2538876
GSE98343,HSPCs,shRNA,MTF2,?,GSM2592454;GSM2592455;GSM2592457;GSM2592458,GSM2592453;GSM2592456
GSE98368,human macrophages,siRNA,MAF,?,GSM2592828;GSM2592829,GSM2592826;GSM2592827
GSE99028,IMR-90 + Etoposide,shRNA,CGAS,?,GSM2630606;GSM2630607,GSM2630604;GSM2630605
GSE99559,neuroepithelial stem cells,ko,P62,?,GSM2646217;GSM2646218;GSM2646219,GSM2646211;GSM2646212;GSM2646213
GSE99778,HUVEC,siRNA,LPHN2,?,GSM2652140;GSM2652141,GSM2652138;GSM2652139
GSE99778,HUVEC,siRNA,LPHN2,?,GSM2652142;GSM2652143,GSM2652138;GSM2652139
GSE104684,HUVEC,siRNA,ATOH8,GPL570,GSM2805418;GSM2805420,GSM2805416
GSE104684,HUVEC + BMP9,siRNA,ATOH8,GPL570,GSM2805419;GSM2805421,GSM2805417
GSE104937,NHLF,siRNA,SOX11,GPL20844,GSM2810326,GSM2810325
GSE104937,NHLF + IL-13,siRNA,SOX11,GPL20844,GSM2810328,GSM2810327
GSE106274,HUASMCs,siRNA,NFAT5,GPL23644,GSM2834506;GSM2834507;GSM2834508,GSM2834509;GSM2834510;GSM2834511
GSE107469,Primary eutopic stromal cells,siRNA,NR2F2,GPL570,GSM2867991;GSM2867993;GSM2867995,GSM2867990;GSM2867992;GSM2867994
GSE108407,Decidual stromal cells,siRNA,GATA2,GPL570,GSM2897805;GSM2897807;GSM2897809,GSM2897806;GSM2897808;GSM2897810
GSE110726,Lymphatic endothelial cells,siRNA,GATA2,GPL17585,GSM3015254;GSM3015255;GSM3015256;GSM3015257,GSM3015242;GSM3015243;GSM3015244;GSM3015245;GSM3015246;GSM3015247;GSM3015248;GSM3015249;GSM3015250;GSM3015251;GSM3015252;GSM3015253
GSE116970,U5-NPC (G1 Phase),CRISPR,PTPN14,GPL11154,GSM3265740;GSM3265741,GSM3265738;GSM3265739
GSE116970,U5-NPC (G1 Phase),CRISPR,TP53,GPL11154,GSM3265744;GSM3265745,GSM3265738;GSM3265739
GSE116970,U5-NPC (G1 Phase),CRISPR,CREBBP,GPL11154,GSM3265730;GSM3265731,GSM3265738;GSM3265739
GSE116970,U5-NPC (G1 Phase),CRISPR,NF2,GPL11154,GSM3265736;GSM3265737,GSM3265738;GSM3265739
GSE116970,U5-NPC (G1 Phase),CRISPR,TAOK1,GPL11154,GSM3265742;GSM3265743,GSM3265738;GSM3265739
GSE124781,NHLF,siRNA,SOX11,GPL20844,GSM3553964,GSM3553962
GSE124781,NHLF + TGFB,siRNA,SOX11,GPL20844,GSM3553965,GSM3553963
GSE126739,T lymphocyte,siRNA,MYC,GPL20301,GSM3612029;GSM3612030;GSM3612031,GSM3612026;GSM3612027;GSM3612028
GSE12846,Primary lymphatic endothelial cells,siRNA,PROX1,GPL570,GSM322416,GSM322415
GSE12846,Primary lymphatic endothelial cells,siRNA,NR2F2,GPL570,GSM322417,GSM322415
GSE12846,Primary lymphatic endothelial cells,siRNA,PROX1 + NR2F2,GPL570,GSM322418,GSM322415
GSE13110,CD34+ progenitor cells,siRNA,MYB,GPL96,GSM328570,GSM328569
GSE13284,CD34-derived erythroid progenitors,siRNA,BCL11A,GPL570,GSM335328;GSM335329;GSM335330;GSM335331;GSM335332;GSM335333,GSM335322;GSM335323;GSM335324;GSM335325;GSM335326;GSM335327
GSE142608,primary human dermal lymphatic endothelial cells,siRNA,FOXO1,GPL16699,GSM4232809,GSM4232808
GSE14801,HUVEC,siRNA,ERG,GPL570,GSM370399;GSM370400,GSM370401;GSM370402
GSE154554,human hepatocytes,siRNA,HDAC4,GPL570,GSM4673348;GSM4673349;GSM4673350;GSM4673351,GSM4673344;GSM4673345;GSM4673346;GSM4673347
GSE154554,human hepatocytes,siRNA,HDAC5,GPL570,GSM4673352;GSM4673353;GSM4673354;GSM4673355,GSM4673344;GSM4673345;GSM4673346;GSM4673347
GSE154554,human hepatocytes,siRNA,HDAC4 + HDAC5 + HDAC7,GPL570,GSM4673356;GSM4673357;GSM4673358;GSM4673359,GSM4673344;GSM4673345;GSM4673346;GSM4673347
GSE163400,CAR T Cell,CRISPR,IKZF2,GPL16791,GSM4978306;GSM4978307,GSM4978302;GSM4978303
GSE163400,CAR T Cell,CRISPR,TLE4,GPL16791,GSM4978310;GSM4978311,GSM4978302;GSM4978303
GSE163400,CAR T Cell,CRISPR,TMEM184B,GPL16791,GSM4978304;GSM4978305,GSM4978302;GSM4978303
GSE163400,CAR T Cell,CRISPR,EIF5A,GPL16791,GSM4978308;GSM4978309,GSM4978302;GSM4978303
GSE16356,Lymphatic endothelial cells,siRNA,MAF,GPL570,GSM410699;GSM410700;GSM410701,GSM410696;GSM410697;GSM410698
GSE164413,human adipose tissue derived stem cells,siRNA,JARID2,GPL21697,GSM5009216;GSM5009217;GSM5009218,GSM5009213;GSM5009214;GSM5009215
GSE17241,Th0 (12h),shRNA,SATB1,GPL2507,GSM431612;GSM431626,GSM431602;GSM431623
GSE17241,Th1 (12h),siRNA,SATB1,GPL6102,GSM431613;GSM431627,GSM431603;GSM431624
GSE17241,Th2 (12h),siRNA,SATB1,GPL6106,GSM431614;GSM431628,GSM431604;GSM431625
GSE17241,Th0 (24h),shRNA,SATB1,GPL2507,GSM431615;GSM431632;GSM431644,GSM431605;GSM431629;GSM431641
GSE17241,Th1 (24h),siRNA,SATB1,GPL6102,GSM431578;GSM431588;GSM431616;GSM431633;GSM431645,GSM431576;GSM431586;GSM431606;GSM431630;GSM431642
GSE17241,Th2 (24h),siRNA,SATB1,GPL6106,GSM431579;GSM431589;GSM431617;GSM431634;GSM431646,GSM431577;GSM431587;GSM431607;GSM431631;GSM431643
GSE17241,Th0 (48h),shRNA,SATB1,GPL2507,GSM431618;GSM431638,GSM431608;GSM431635
GSE17241,Th1 (48h),siRNA,SATB1,GPL6102,GSM431582;GSM431592;GSM431619;GSM431639,GSM431580;GSM431590;GSM431609;GSM431636
GSE17241,Th2 (48h),siRNA,SATB1,GPL6106,GSM431583;GSM431593;GSM431620;GSM431640,GSM431581;GSM431591;GSM431610;GSM431637
GSE172435,Natural Killer Cell,shRNA,RUNX2,GPL18573,GSM5256000;GSM5256002;GSM5256004;GSM5256006;GSM5256008,GSM5255999;GSM5256001;GSM5256003;GSM5256005;GSM5256007
GSE173918,CD8+ T cells,CRISPR,BRD4,GPL24676,GSM5282895;GSM5282898;GSM5282901,GSM5282894;GSM5282897;GSM5282900
GSE173918,CD8+ T cells,CRISPR,PRDM1,GPL24676,GSM5282896;GSM5282899;GSM5282902,GSM5282894;GSM5282897;GSM5282900
GSE174284,Primary CD4+ T cells (Resting),CRISPR,FOXQ1,GPL18573,GSM5291009;GSM5291013;GSM5291017;GSM5291021,GSM5291007;GSM5291011;GSM5291015;GSM5291019
GSE174284,Primary CD4+ T cells (Activated),CRISPR,FOXQ1,GPL18573,GSM5291010;GSM5291014;GSM5291018;GSM5291022,GSM5291008;GSM5291012;GSM5291016;GSM5291020
GSE17543,Vascular smooth muscle cells,siRNA,FOXM1,GPL570,GSM437401,GSM437400
GSE176191,Naive Treg,CRISPR,FOXP3,GPL18573,GSM5359736;GSM5359739;GSM5359742;GSM5359745,GSM5359737;GSM5359740;GSM5359743;GSM5359746
GSE178163,ES-derived RPE cells,shRNA,LHX2,GPL18573,GSM5381211;GSM5381212,GSM5381213;GSM5381214
GSE17851,CD4+ T cells - IL4 (12h),siRNA,STAT6,GPL6102,GSM445809;GSM445827;GSM445845,GSM445818;GSM445836;GSM445854
GSE17851,CD4+ T cells + IL4 (12h),siRNA,STAT6,GPL6102,GSM445810;GSM445828;GSM445846,GSM445819;GSM445837;GSM445855
GSE17851,CD4+ T cells - IL4 (24h),siRNA,STAT6,GPL6102,GSM445811;GSM445829;GSM445847,GSM445820;GSM445838;GSM445856
GSE17851,CD4+ T cells + IL4 (24h),siRNA,STAT6,GPL6102,GSM445812;GSM445830;GSM445848,GSM445821;GSM445839;GSM445857
GSE17851,CD4+ T cells - IL4 (48h),siRNA,STAT6,GPL6102,GSM445813;GSM445831;GSM445849,GSM445822;GSM445840;GSM445858
GSE17851,CD4+ T cells + IL4 (48h),siRNA,STAT6,GPL6102,GSM445814;GSM445832;GSM445850,GSM445823;GSM445841;GSM445859
GSE17851,CD4+ T cells - IL4 (72h),siRNA,STAT6,GPL6102,GSM445815;GSM445833;GSM445851,GSM445824;GSM445842;GSM445860
GSE17851,CD4+ T cells + IL4 (72h),siRNA,STAT6,GPL6102,GSM445816;GSM445834;GSM445852,GSM445825;GSM445843;GSM445861
GSE180897,Monocyte-derived M-CSF macrophages,siRNA,STAT3,GPL23227,GSM5474430;GSM5474431;GSM5474432,GSM5474424;GSM5474425;GSM5474426
GSE180897,Monocyte-derived M-CSF macrophages + LPS,siRNA,STAT3,GPL23227,GSM5474433;GSM5474434;GSM5474435,GSM5474427;GSM5474428;GSM5474429
GSE181991,Lin-CD34+ HSPCs,shRNA,PLAG1,GPL11154,GSM5515754;GSM5515755,GSM5515756;GSM5515757
GSE18913,HUVEC + 0h VEGF,siRNA,EGR3,GPL570,GSM468605;GSM468606;GSM468607;GSM468608,GSM468603;GSM468604;GSM468621
GSE18913,HUVEC + 1h VEGF,siRNA,EGR3,GPL570,GSM468611;GSM468612;GSM468613;GSM468614,GSM468609;GSM468610;GSM468622
GSE18913,HUVEC + 4h VEGF,siRNA,EGR3,GPL570,GSM468617;GSM468618;GSM468619;GSM468620,GSM468615;GSM468616;GSM468623
GSE190763,hepatocytes,CRISPR,FOXA2,GPL20301,GSM5731239;GSM5731240,GSM5731243;GSM5731244
GSE190763,hepatocyte progenitors,CRISPR,FOXA2,GPL20301,GSM5731241;GSM5731242,GSM5731237;GSM5731238
GSE20286,MCF10A,shRNA,TP63 (all Isoforms),GPL571,GSM508614;GSM508615,GSM508612;GSM508613
GSE20286,MCF10A,shRNA,TP63 (transactivating Domain),GPL571,GSM508616;GSM508617,GSM508612;GSM508613
GSE20286,MCF10A,Overexpression,TP63 (Delta Np63a Isoform),GPL571,GSM508621;GSM508622;GSM508623,GSM508618;GSM508619;GSM508620
GSE20286,MCF10A,Overexpression,TP63 (TAp63y isoform),GPL571,GSM508624;GSM508625;GSM508626,GSM508618;GSM508619;GSM508620
GSE20545,CD34+,shRNA,TAL1,GPL6244,GSM516235;GSM516237;GSM516239;GSM516241,GSM516236;GSM516238;GSM516240;GSM516242
GSE206927,Valvular endothelial cell,siRNA,PPARG,GPL24676,GSM6266931;GSM6266932;GSM6266933,GSM6266928;GSM6266929;GSM6266930
GSE206927,Valvular endothelial cell + OxLdl,siRNA,PPARG,GPL24676,GSM6266937;GSM6266938;GSM6266939,GSM6266934;GSM6266935;GSM6266936
GSE207787,HUVEC,siRNA,PDHA1,GPL11154,GSM6318258;GSM6318259;GSM6318260,GSM6318252;GSM6318253;GSM6318254
GSE207787,HUVEC + TNF,siRNA,PDHA1,GPL11154,GSM6318261;GSM6318262;GSM6318263,GSM6318255;GSM6318256;GSM6318257
GSE207787,HUVEC,siRNA,SREBF2,GPL11154,GSM6318264;GSM6318265;GSM6318266,GSM6318252;GSM6318253;GSM6318254
GSE207787,HUVEC + TNF,siRNA,SREBF2,GPL11154,GSM6318267;GSM6318268;GSM6318269,GSM6318255;GSM6318256;GSM6318257
GSE210318,HPMVEC,siRNA,HAND1,GPL21697,GSM6428107;GSM6428108;GSM6428109;GSM6428110,GSM6428111;GSM6428112;GSM6428113
GSE212023,CD34+ cells,shRNA,IRF2,GPL18573,GSM6507476;GSM6507477;GSM6507478;GSM6507479;GSM6507480,GSM6507471;GSM6507472;GSM6507473;GSM6507474;GSM6507475
GSE212023,NK cell progenitors,shRNA,IRF2,GPL18573,GSM6507486;GSM6507487;GSM6507488;GSM6507489;GSM6507490,GSM6507481;GSM6507482;GSM6507483;GSM6507484;GSM6507485
GSE212024,CD34+ cells,shRNA,TXNIP,GPL18573,GSM6507496;GSM6507497;GSM6507498;GSM6507499;GSM6507500,GSM6507491;GSM6507492;GSM6507493;GSM6507494;GSM6507495
GSE212024,NK cell progenitors,shRNA,TXNIP,GPL18573,GSM6507506;GSM6507507;GSM6507508;GSM6507509;GSM6507510,GSM6507501;GSM6507502;GSM6507503;GSM6507504;GSM6507505
GSE21943,Primary CD14-myeloblasts,siRNA,MYB,GPL96,GSM545849,GSM545848
GSE22956,HUVEC,siRNA,NFAT5,GPL6947,GSM566730;GSM566733;GSM566736;GSM566739,GSM566729;GSM566732;GSM566735;GSM566738
GSE22956,Primary fibroblast-like synoviocytes,siRNA,NFAT5,GPL6883,GSM566720;GSM566723;GSM566726,GSM566719;GSM566722;GSM566725
GSE25678,CD34-derived erythroid progenitors,shRNA,MYB,GPL8019,GSM630839;GSM630840;GSM630841;GSM630842,GSM630835;GSM630836;GSM630837;GSM630838
GSE28117,HUVEC,Overexpression,STAT6,GPL570,GSM707976;GSM707977,GSM707975
GSE28117,HUVEC + IL4,siRNA,STAT6,GPL570,GSM707973;GSM707974,GSM707972
GSE28304,HMVEC,siRNA,GATA2,GPL570,GSM734109;GSM734110,GSM700326;GSM734106;GSM734107
GSE28546,Mesenchymal stem cells,shRNA,TP53,GPL6883,GSM706868;GSM706871;GSM706874,GSM706866;GSM706869;GSM706872
GSE28546,Mesenchymal stem cells,"shRNA, Overexpression",TP53 + TERT,GPL6883,GSM706867;GSM706870;GSM706873,GSM706866;GSM706869;GSM706872
GSE31092,CD34-derived erythroid progenitors,shRNA,ZNF148,GPL571,GSM769891;GSM769892,GSM769889;GSM769890
GSE32685,Primary neonatal keratinocytes,siRNA,Klf4,GPL570,GSM811195;GSM811196,GSM811193;GSM811194
GSE32685,Primary neonatal keratinocytes,siRNA,ZNF750,GPL570,GSM811197;GSM811198,GSM811193;GSM811194
GSE32968,HUVEC,siRNA,FOXP1,GPL6480,GSM816571;GSM816572;GSM816573,GSM816568;GSM816569;GSM816570
GSE33301,HUVEC,siRNA,NR2F2,GPL570,GSM823618;GSM823619;GSM823620,GSM823615;GSM823616;GSM823617
GSE33495,Primary neonatal keratinocytes,siRNA,TP63,GPL570,GSM828658;GSM828659,GSM828656;GSM828657
GSE33495,Primary neonatal keratinocytes,Overexpression,TP63 (I482T),GPL570,GSM828660;GSM828661,GSM828664;GSM828665
GSE33495,Primary neonatal keratinocytes,Overexpression,TP63,GPL570,GSM828662;GSM828663,GSM828664;GSM828665
GSE35801,Endometrial stromal cells (24h),siRNA,HOXA10,GPL15226,GSM875077,GSM875075;GSM875076
GSE35801,Endometrial stromal cells (48h),siRNA,HOXA10,GPL15226,GSM875079,GSM875078
GSE35801,Endometrial stromal cells (72h),siRNA,HOXA10,GPL15226,GSM875082,GSM875080;GSM875081
GSE36988,Primary CD34+ hematopoietic stem/progenitor cells (HSPCs),shRNA,IRF2,GPL15394,GSM908096;GSM908097;GSM908098,GSM908102;GSM908103;GSM908104;GSM908105
GSE36988,Primary CD34+ hematopoietic stem/progenitor cells (HSPCs),shRNA,IRF6,GPL15394,GSM908099;GSM908100;GSM908101,GSM908102;GSM908103;GSM908104;GSM908105
GSE36988,Primary CD34+ hematopoietic stem/progenitor cells (HSPCs),shRNA,MYB,GPL15394,GSM908106;GSM908107;GSM908108;GSM908109,GSM908102;GSM908103;GSM908104;GSM908105
GSE37049,Primary neonatal keratinocytes,siRNA,GRHL3,GPL6244,GSM909318;GSM909319;GSM909320,GSM909315;GSM909316;GSM909317
GSE37395,HUVEC,siRNA,SOX17,GPL10332,GSM917604;GSM917605;GSM917606,GSM917604;GSM917605;GSM917606
GSE37690,IMR-90,siRNA,HOXA1,GPL13607,GSM925635;GSM925636;GSM925637,GSM925638;GSM925639;GSM925640
GSE41386,Smooth muscle cells,siRNA,REST,GPL570,GSM1016024;GSM1016025;GSM1016026,GSM1016021;GSM1016022;GSM1016023
GSE42538,Endometrial stromal cells,siRNA,NR3C1,GPL6244,GSM1044675;GSM1044676;GSM1044677;GSM1044678,GSM1044671;GSM1044672;GSM1044673;GSM1044674
GSE42538,Endometrial stromal cells,siRNA,NR3C2,GPL6244,GSM1044679;GSM1044680;GSM1044681;GSM1044682,GSM1044671;GSM1044672;GSM1044673;GSM1044674
GSE42680,Fully differentiated adipocytes,siRNA,EBF1,GPL11532,GSM1047873;GSM1047874;GSM1047875;GSM1047879;GSM1047880;GSM1047881,GSM1047876;GSM1047877;GSM1047878;GSM1047882;GSM1047883;GSM1047884
GSE43157,Corneal epithelial cells,siRNA,EHF,GPL6244,GSM1057591;GSM1057592;GSM1057593,GSM1057588;GSM1057589;GSM1057590
GSE44305,Fibroblast,siRNA,FOXD1,GPL10558,GSM1082874;GSM1082875;GSM1082876,GSM1082871;GSM1082872;GSM1082873
GSE44305,Fibroblast,siRNA,HOXC4,GPL10558,GSM1082877;GSM1082878;GSM1082879,GSM1082871;GSM1082872;GSM1082873
GSE44305,Fibroblast,siRNA,LHX9,GPL10558,GSM1082880;GSM1082881;GSM1082882,GSM1082871;GSM1082872;GSM1082873
GSE44305,Fibroblast,siRNA,OSR1,GPL10558,GSM1082883;GSM1082884;GSM1082885,GSM1082871;GSM1082872;GSM1082873
GSE44305,Fibroblast,siRNA,PRRX1,GPL10558,GSM1082886;GSM1082887;GSM1082888,GSM1082871;GSM1082872;GSM1082873
GSE44305,Fibroblast,siRNA,TBX3,GPL10558,GSM1082889;GSM1082890;GSM1082891,GSM1082871;GSM1082872;GSM1082873
GSE44305,Fibroblast,siRNA,TWIST2,GPL10558,GSM1082892;GSM1082893;GSM1082894,GSM1082871;GSM1082872;GSM1082873
GSE44444,ECFCs,shRNA,TAL1,GPL6244,GSM1085534;GSM1085536;GSM1085538,GSM1085533;GSM1085535;GSM1085537
GSE46333,CD4+ T cells,siRNA,ELK1,GPL14550,GSM1128710;GSM1128711;GSM1128712;GSM1128713,GSM1128702;GSM1128703;GSM1128704;GSM1128705;GSM1128706;GSM1128707;GSM1128708;GSM1128709
GSE46333,CD4+ T cells,siRNA,GATA3,GPL14550,GSM1128714;GSM1128715;GSM1128716;GSM1128717,GSM1128702;GSM1128703;GSM1128704;GSM1128705;GSM1128706;GSM1128707;GSM1128708;GSM1128709
GSE46333,CD4+ T cells,siRNA,JUN,GPL14550,GSM1128718;GSM1128719;GSM1128720;GSM1128721,GSM1128702;GSM1128703;GSM1128704;GSM1128705;GSM1128706;GSM1128707;GSM1128708;GSM1128709
GSE46333,CD4+ T cells,siRNA,MAF,GPL14550,GSM1128722;GSM1128723;GSM1128724;GSM1128725,GSM1128702;GSM1128703;GSM1128704;GSM1128705;GSM1128706;GSM1128707;GSM1128708;GSM1128709
GSE46333,CD4+ T cells,siRNA,NFATC3,GPL14550,GSM1128726;GSM1128727;GSM1128728;GSM1128729,GSM1128702;GSM1128703;GSM1128704;GSM1128705;GSM1128706;GSM1128707;GSM1128708;GSM1128709
GSE46333,CD4+ T cells,siRNA,NFKB1,GPL14550,GSM1128730;GSM1128731;GSM1128732;GSM1128733,GSM1128702;GSM1128703;GSM1128704;GSM1128705;GSM1128706;GSM1128707;GSM1128708;GSM1128709
GSE46333,CD4+ T cells,siRNA,STAT3,GPL14550,GSM1128734;GSM1128735;GSM1128736;GSM1128737,GSM1128702;GSM1128703;GSM1128704;GSM1128705;GSM1128706;GSM1128707;GSM1128708;GSM1128709
GSE46463,Trophoblast cells,siRNA,ESRRG,GPL10558,GSM1130658;GSM1130661;GSM1130664,GSM1130657;GSM1130660;GSM1130663
GSE47436,SAECs,siRNA,TP53,GPL570,GSM1149500;GSM1149501;GSM1149502;GSM1149503,GSM1149498;GSM1149499
GSE48853,Endometrial stromal cells,siRNA,PGR (both Isoforms),GPL571,GSM1185668;GSM1185673,GSM1185667;GSM1185672
GSE48853,Endometrial stromal cells,siRNA,PGR (PRB Isoform),GPL571,GSM1185669;GSM1185674,GSM1185667;GSM1185672
GSE48853,Endometrial stromal cells,siRNA,PGR (PRA Isoform),GPL571,GSM1185670;GSM1185675,GSM1185667;GSM1185672
GSE52921,CD34+ cells,siRNA,JARID2,GPL13667,GSM1278219;GSM1278221;GSM1278223,GSM1278220;GSM1278222;GSM1278224
GSE54265,MCF10A,shRNA,PTEN,GPL6884,GSM1311277;GSM1311278;GSM1311279;GSM1311280,GSM1311273;GSM1311274;GSM1311275;GSM1311276
GSE54265,MCF10A,shRNA,BRCA1,GPL6884,GSM1311281;GSM1311282;GSM1311283;GSM1311284,GSM1311273;GSM1311274;GSM1311275;GSM1311276
GSE54265,MCF10A,shRNA,BRCA1 + PTEN,GPL6884,GSM1311285;GSM1311286;GSM1311287;GSM1311288,GSM1311273;GSM1311274;GSM1311275;GSM1311276
GSE54268,MCF10A,shRNA,ATM,GPL10558,GSM1311316;GSM1311317;GSM1311318,GSM1311313;GSM1311314;GSM1311315
GSE54268,MCF10A,shRNA,ATM,GPL10558,GSM1311319;GSM1311320;GSM1311321,GSM1311313;GSM1311314;GSM1311315
GSE54268,MCF10A,shRNA,ATR,GPL10558,GSM1311322;GSM1311323;GSM1311324,GSM1311313;GSM1311314;GSM1311315
GSE54268,MCF10A,shRNA,ATR,GPL10558,GSM1311325;GSM1311326;GSM1311327,GSM1311313;GSM1311314;GSM1311315
GSE54268,MCF10A,shRNA,CHK1,GPL10558,GSM1311328;GSM1311329;GSM1311330,GSM1311313;GSM1311314;GSM1311315
GSE54268,MCF10A,shRNA,CHK1,GPL10558,GSM1311331;GSM1311332;GSM1311333,GSM1311313;GSM1311314;GSM1311315
GSE54268,MCF10A,shRNA,CHK2,GPL10558,GSM1311334;GSM1311335;GSM1311336,GSM1311313;GSM1311314;GSM1311315
GSE54268,MCF10A,shRNA,CHK2,GPL10558,GSM1311337;GSM1311338;GSM1311339,GSM1311313;GSM1311314;GSM1311315
GSE54268,MCF10A,shRNA,TP53BP1,GPL10558,GSM1311340;GSM1311341;GSM1311342,GSM1311313;GSM1311314;GSM1311315
GSE54268,MCF10A,shRNA,TP53BP1,GPL10558,GSM1311343;GSM1311344;GSM1311345,GSM1311313;GSM1311314;GSM1311315
GSE55269,Primary human keratinocytes,shRNA,SNAI2,GPL570,GSM1333057;GSM1333058,GSM1333055;GSM1333056
GSE55269,Primary human keratinocytes,Overexpression,SNAI2,GPL570,GSM1333061;GSM1333062,GSM1333059;GSM1333060
GSE55675,MCF10A,siRNA,FOXF2,GPL18387,GSM1341568,GSM1341567
GSE56640,Neonatal foreskin keratinocytes,siRNA,TP53,GPL18627,GSM1376852,GSM1376849
GSE56640,Neonatal foreskin keratinocytes,siRNA,TP63,GPL18627,GSM1376855,GSM1376849
GSE56640,Neonatal foreskin keratinocytes + Adriamycin,siRNA,TP53,GPL18627,GSM1376853,GSM1376850
GSE56640,Neonatal foreskin keratinocytes + Adriamycin,siRNA,TP63,GPL18627,GSM1376856,GSM1376850
GSE56640,Neonatal foreskin keratinocytes + Cisplatin,siRNA,TP53,GPL18627,GSM1376854,GSM1376851
GSE56640,Neonatal foreskin keratinocytes + Cisplatin,siRNA,TP63,GPL18627,GSM1376857,GSM1376851
GSE56989,Primary human macrophages,siRNA,HIF1A,GPL6244,GSM1372678;GSM1372679;GSM1372680,GSM1372675;GSM1372676;GSM1372677
GSE56989,Primary human macrophages,siRNA,HIF2A,GPL6244,GSM1372681;GSM1372682;GSM1372683,GSM1372675;GSM1372676;GSM1372677
GSE56989,Primary human macrophages + IL10,siRNA,HIF1A,GPL6244,GSM1372687;GSM1372688;GSM1372689,GSM1372684;GSM1372685;GSM1372686
GSE56989,Primary human macrophages + IL10,siRNA,HIF2A,GPL6244,GSM1372690;GSM1372691;GSM1372692,GSM1372684;GSM1372685;GSM1372686
GSE56989,Primary human macrophages + Hypoxia,siRNA,HIF1A,GPL6244,GSM1372696;GSM1372697;GSM1372698,GSM1372693;GSM1372694;GSM1372695
GSE56989,Primary human macrophages + Hypoxia,siRNA,HIF2A,GPL6244,GSM1372699;GSM1372700;GSM1372701,GSM1372693;GSM1372694;GSM1372695
GSE56989,Primary human macrophages + Hypoxia + IL10,siRNA,HIF1A,GPL6244,GSM1372705;GSM1372706;GSM1372707,GSM1372702;GSM1372703;GSM1372704
GSE56989,Primary human macrophages + Hypoxia + IL10,siRNA,HIF2A,GPL6244,GSM1372708;GSM1372709;GSM1372710,GSM1372702;GSM1372703;GSM1372704
GSE57538,Adipose stem cells,siRNA,MYC,GPL13158,GSM1384344;GSM1384345;GSM1384346,GSM1384341;GSM1384342;GSM1384343
GSE57538,Adipose stem cells,siRNA,MYC,GPL13158,GSM1384347;GSM1384348;GSM1384349,GSM1384341;GSM1384342;GSM1384343
GSE60152,Lymphatic endothelial cells,siRNA,FOXC2,GPL6244,GSM1466661;GSM1466662,GSM1466659;GSM1466660
GSE60152,Lymphatic endothelial cells + Shear Stress,siRNA,FOXC2,GPL6244,GSM1466665;GSM1466666,GSM1466663;GSM1466664
GSE60299,CD34+ cells,siRNA,MYB,GPL13667,GSM1470592;GSM1470598;GSM1470604;GSM1470610;GSM1470616,GSM1470591;GSM1470597;GSM1470603;GSM1470609;GSM1470615
GSE60299,CD34+ cells,siRNA,MYB,GPL13667,GSM1470594;GSM1470600;GSM1470606;GSM1470612;GSM1470618,GSM1470593;GSM1470599;GSM1470605;GSM1470611;GSM1470617
GSE60299,CD34+ cells,siRNA,MYB,GPL13667,GSM1470596;GSM1470602;GSM1470608;GSM1470614;GSM1470620,GSM1470595;GSM1470601;GSM1470607;GSM1470613;GSM1470619
GSE62634,HSPCs,shRNA,TAL1,GPL6244,GSM1530544;GSM1530545;GSM1530546,GSM1530541;GSM1530542;GSM1530543
GSE62634,HSPCs,Overexpression,TAL1,GPL6244,GSM1530538;GSM1530539;GSM1530540,GSM1530541;GSM1530542;GSM1530543
GSE66671,Neural precursor cells,siRNA,OTX2,GPL16686,GSM1627682;GSM1627684,GSM1627683;GSM1627685
GSE67390,HUVEC,siRNA,FOXO1,GPL10558,GSM1646151;GSM1646152,GSM1138873;GSM1138875
GSE67390,HUVEC,siRNA,APLN,GPL10558,GSM1138877;GSM1138879,GSM1138873;GSM1138875
GSE69992,Dental Pulp Cells,siRNA,MSX1,GPL17077,GSM1715440;GSM1715441;GSM1715442,GSM1715437;GSM1715438;GSM1715439
GSE70190,Primary human bronchial epithelial cells,siRNA,IRF7,GPL20609,GSM1720626;GSM1720630;GSM1720634;GSM1720638;GSM1720642,GSM1720625;GSM1720629;GSM1720633;GSM1720637;GSM1720641
GSE73550,Endometrial stromal cells,siRNA,ESR1,GPL571,GSM1897717;GSM1897719;GSM1897721,GSM1897716;GSM1897718;GSM1897720
GSE75207,IRM90 + 4OHT,shRNA,ARID1B,GPL6244,GSM1945120;GSM1945121;GSM1945122,GSM1945117;GSM1945118;GSM1945119
GSE75380,HUVEC,siRNA,SOX7,GPL13497,GSM1954262;GSM1954263,GSM1954260;GSM1954261
GSE75380,HUVEC,siRNA,SOX17,GPL13497,GSM1954264;GSM1954265,GSM1954260;GSM1954261
GSE75380,HUVEC,siRNA,SOX7 + SOX17,GPL13497,GSM1954266;GSM1954267,GSM1954260;GSM1954261
GSE75692,hADSC,siRNA,ETV5,GPL10558,GSM1964036;GSM1964037;GSM1964038,GSM1964027;GSM1964028;GSM1964029
GSE75692,hADSC,siRNA,THRA,GPL10558,GSM1964030;GSM1964031;GSM1964032,GSM1964027;GSM1964028;GSM1964029
GSE75692,hADSC,siRNA,THRB,GPL10558,GSM1964033;GSM1964034;GSM1964035,GSM1964027;GSM1964028;GSM1964029
GSE75840,MCF10A,shRNA,HOXA5,GPL10558,GSM1968749;GSM1968752,GSM1968748;GSM1968751
GSE75840,MCF10A,shRNA,HOXA5,GPL10558,GSM1968750;GSM1968753,GSM1968748;GSM1968751
GSE76158,MSCs,siRNA,TWIST1,GPL16686,GSM1975464,GSM1975463
GSE79251,Corneal epithelial cells,siRNA,OVOL2,GPL14550,GSM2089721;GSM2089722;GSM2089723;GSM2089724,GSM2089725;GSM2089726;GSM2089727;GSM2089728
GSE84617,Monocyte-derived M-CSF macrophages,siRNA,MAFB,GPL13497,GSM2242990;GSM2242991;GSM2242992,GSM2242987;GSM2242988;GSM2242989
GSE86572,iEEC16,shRNA,ARID1A,GPL10558,GSM2306090;GSM2306091,GSM2306088;GSM2306089
GSE86572,iEEC16,shRNA,ARID1A,GPL10558,GSM2306092;GSM2306093,GSM2306088;GSM2306089
GSE88768,GM-CSF Macrophage,siRNA,PPARG,GPL21185,GSM2345240;GSM2345241;GSM2345242,GSM2345237;GSM2345238;GSM2345239
GSE94465,NHEK,siRNA,GRHL3,GPL6244,GSM2476163;GSM2476164,GSM2476165;GSM2476166
GSE94466,NHEK,siRNA,REST,GPL6244,GSM2476171;GSM2476172,GSM2476169;GSM2476170
GSE94467,NHEK,siRNA,REST,GPL6244,GSM2476175;GSM2476176,GSM2476173;GSM2476174
GSE94468,HCE,siRNA,KLF4,GPL6244,GSM2476179;GSM2476180,GSM2476177;GSM2476178
GSE94469,HCE,siRNA,KLF7,GPL6244,GSM2476183;GSM2476184,GSM2476181;GSM2476182
GSE94470,HCE,siRNA,KLF4,GPL16686,GSM2476187;GSM2476188,GSM2476185;GSM2476186
GSE94470,HCE,siRNA,KLF7,GPL16686,GSM2476189;GSM2476190,GSM2476185;GSM2476186
GSE98440,HUVEC,knockdown,HMGB2,GPL20301,GSM2595534;GSM2595535,GSM2595532;GSM2595533
GSE16906,endometrial stromal cells,Overexpression,JAG1,?,GSM423835;GSM423840;GSM423841,GSM423834;GSM423842;GSM423843
GSE5856,Endothelial cells,drug,TSA,?,GSM136698;GSM136700;GSM136702,GSM136682;GSM136696;GSM136697
GSE41040,fibroblasts fron neonatal foreskin,shRNA,KDM4C,?,GSM1007876;GSM1007877;GSM1007878;GSM1007879,GSM1007872;GSM1007873;GSM1007874;GSM1007875
GSE41040,fibroblasts fron neonatal foreskin,shRNA,KDM4C,?,GSM1007880;GSM1007881;GSM1080767;GSM1080768,GSM1007872;GSM1007873;GSM1007874;GSM1007875
GSE41040,fibroblasts fron neonatal foreskin,shRNA,KDM4C,?,GSM1080769;GSM1080770,GSM1007872;GSM1007873;GSM1007874;GSM1007875
GSE38039,HaCaT keratinocytes,shRNA,ZNF750,?,GSM932866;GSM932867;GSM932868,GSM932863;GSM932864;GSM932865
GSE16200,MCF10A,knockdown,SYK,?,GSM406567;GSM406569;GSM406571,GSM406561;GSM406563;GSM406565
GSE16200,MCF10A + collagen,knockdown,SYK,?,GSM406566;GSM406568;GSM406570,GSM406560;GSM406562;GSM406564
GSE15811,CD34+ cells,mutant,BCR/ABL1,?,GSM397304;GSM397308;GSM397312,GSM397303;GSM397307;GSM397311
GSE15811,CD34+ cells,mutant,BCR/FGFR1,?,GSM397302;GSM397306;GSM397310,GSM397303;GSM397307;GSM397311
GSE15811,CD34+ cells,mutant,ZMYM2/FGFR1,?,GSM397305;GSM397309;GSM397313,GSM397303;GSM397307;GSM397311
GSE22288,MCF10A-HER2-FKBP-HA,drug,AP1510,?,GSM554582;GSM554583;GSM554584,GSM554579;GSM554580;GSM554581
GSE22288,MCF10A-HER2-FKBP-HA,drug,TGF-alpha,?,GSM554585;GSM554586;GSM554587,GSM554579;GSM554580;GSM554581
GSE22288,MCF10A-HER2-FKBP-HA,drug,Heregulin,?,GSM554588;GSM554589;GSM554590,GSM554579;GSM554580;GSM554581
GSE33298,homozygous fibroblast,mutant,LRRK2,?,GSM823567;GSM823568,GSM823565;GSM823566
GSE33298,heterozygous fibroblast,mutant,LRRK2,?,GSM823569;GSM823570,GSM823565;GSM823566
GSE36321,NSC,knockin,LRRK2,?,GSM888891;GSM888892;GSM888893,GSM888888;GSM888889;GSM888890
GSE10765,Macrophages,knockout,IRAK2,?,GSM271854,GSM271850
GSE10765,Macrophages,knockout,IRAK1 + IRAK2,?,GSM271858,GSM271850
GSE10765,Macrophages + MALP-2 (2h),knockout,IRAK2,?,GSM271855,GSM271851
GSE10765,Macrophages + MALP-2 (2h),knockout,IRAK1 + IRAK2,?,GSM271859,GSM271851
GSE10765,Macrophages + MALP-2 (4h),knockout,IRAK2,?,GSM271856,GSM271852
GSE10765,Macrophages + MALP-2 4h),knockout,IRAK1 + IRAK2,?,GSM271860,GSM271852
GSE10765,Macrophages + MALP-2 (8h),knockout,IRAK2,?,GSM271857,GSM271853
GSE10765,Macrophages + MALP-2 (8h),knockout,IRAK1 + IRAK2,?,GSM271861,GSM271853
GSE12124,Fibroblast (2h),knockout,IRAK4,?,GSM305729,GSM305705;GSM305713;GSM305721
GSE12124,Fibroblast (2h),knockout,MYD88,?,GSM305737,GSM305705;GSM305713;GSM305721
GSE12124,Fibroblast (2h),knockout,NEMO,?,GSM305745,GSM305705;GSM305713;GSM305721
GSE12124,Fibroblast (2h),knockout,STAT1,?,GSM305753,GSM305705;GSM305713;GSM305721
GSE12124,Fibroblast (2h),knockout,UNC93B,?,GSM305761;GSM305768,GSM305705;GSM305713;GSM305721
GSE12124,Fibroblast (8h),knockout,IRAK4,?,GSM305730,GSM305706;GSM305714;GSM305722
GSE12124,Fibroblast (8h),knockout,MYD88,?,GSM305738,GSM305706;GSM305714;GSM305722
GSE12124,Fibroblast (8h),knockout,NEMO,?,GSM305746,GSM305706;GSM305714;GSM305722
GSE12124,Fibroblast (8h),knockout,STAT1,?,GSM305754,GSM305706;GSM305714;GSM305722
GSE12124,Fibroblast (8h),knockout,UNC93B,?,GSM305774;GSM305769,GSM305706;GSM305714;GSM305722
GSE12124,Fibroblast + IL1B (2h),knockout,IRAK4,?,GSM305727,GSM305703;GSM305711;GSM305719
GSE12124,Fibroblast + IL1B (2h),knockout,MYD88,?,GSM305735,GSM305703;GSM305711;GSM305719
GSE12124,Fibroblast + IL1B (2h),knockout,NEMO,?,GSM305743,GSM305703;GSM305711;GSM305719
GSE12124,Fibroblast + IL1B (2h),knockout,STAT1,?,GSM305751,GSM305703;GSM305711;GSM305719
GSE12124,Fibroblast + IL1B (2h),knockout,UNC93B,?,GSM305759;GSM305766,GSM305703;GSM305711;GSM305719
GSE12124,Fibroblast + IL1B (8h),knockout,IRAK4,?,GSM305728,GSM305704;GSM305712;GSM305720
GSE12124,Fibroblast + IL1B (8h),knockout,MYD88,?,GSM305736,GSM305704;GSM305712;GSM305720
GSE12124,Fibroblast + IL1B (8h),knockout,NEMO,?,GSM305744,GSM305704;GSM305712;GSM305720
GSE12124,Fibroblast + IL1B (8h),knockout,STAT1,?,GSM305752,GSM305704;GSM305712;GSM305720
GSE12124,Fibroblast + IL1B (8h),knockout,UNC93B,?,GSM305760;GSM305767,GSM305704;GSM305712;GSM305720
GSE12124,Fibroblast + Poly(I:C) (2h),knockout,IRAK4,?,GSM305731,GSM305707;GSM305715;GSM305723
GSE12124,Fibroblast + Poly(I:C) (2h),knockout,MYD88,?,GSM305739,GSM305707;GSM305715;GSM305723
GSE12124,Fibroblast + Poly(I:C) (2h),knockout,NEMO,?,GSM305747,GSM305707;GSM305715;GSM305723
GSE12124,Fibroblast + Poly(I:C) (2h),knockout,STAT1,?,GSM305755,GSM305707;GSM305715;GSM305723
GSE12124,Fibroblast + Poly(I:C) (2h),knockout,UNC93B,?,GSM305762;GSM305770,GSM305707;GSM305715;GSM305723
GSE12124,Fibroblast + Poly(I:C) (8h),knockout,IRAK4,?,GSM305732,GSM305708;GSM305716;GSM305724
GSE12124,Fibroblast + Poly(I:C) (8h),knockout,MYD88,?,GSM305740,GSM305708;GSM305716;GSM305724
GSE12124,Fibroblast + Poly(I:C) (8h),knockout,NEMO,?,GSM305748,GSM305708;GSM305716;GSM305724
GSE12124,Fibroblast + Poly(I:C) (8h),knockout,STAT1,?,GSM305756,GSM305708;GSM305716;GSM305724
GSE12124,Fibroblast + Poly(I:C) (8h),knockout,UNC93B,?,GSM305763;GSM305771,GSM305708;GSM305716;GSM305724
GSE12124,Fibroblast + TNF (2h),knockout,IRAK4,?,GSM305734,GSM305709;GSM305717;GSM305725
GSE12124,Fibroblast + TNF (2h),knockout,MYD88,?,GSM305741,GSM305709;GSM305717;GSM305725
GSE12124,Fibroblast + TNF (2h),knockout,NEMO,?,GSM305749,GSM305709;GSM305717;GSM305725
GSE12124,Fibroblast + TNF (2h),knockout,STAT1,?,GSM305757,GSM305709;GSM305717;GSM305725
GSE12124,Fibroblast + TNF (2h),knockout,UNC93B,?,GSM305764;GSM305772,GSM305709;GSM305717;GSM305725
GSE12124,Fibroblast + TNF (8h),knockout,IRAK4,?,GSM305733,GSM305710;GSM305718;GSM305726
GSE12124,Fibroblast + TNF (8h),knockout,MYD88,?,GSM305742,GSM305710;GSM305718;GSM305726
GSE12124,Fibroblast + TNF (8h),knockout,NEMO,?,GSM305750,GSM305710;GSM305718;GSM305726
GSE12124,Fibroblast + TNF (8h),knockout,STAT1,?,GSM305758,GSM305710;GSM305718;GSM305726
GSE12124,Fibroblast + TNF (8h),knockout,UNC93B,?,GSM305765;GSM305773,GSM305710;GSM305718;GSM305726
GSE14987,MCF10A,overexpression,ERBB2,?,GSM374144;GSM374145;GSM374146,GSM374141;GSM374142;GSM374143
GSE17785,MCF10A,activemutant,PIK3CA,?,GSM443984;GSM443985;GSM443986,GSM443978;GSM443979;GSM443980
GSE17785,MCF10A,druginhibition,PIK3CA,?,GSM443987;GSM443988;GSM443989,GSM443978;GSM443979;GSM443980
GSE26523,Keratinocytes (1h),drugactivation,EFNA4,?,GSM652201,GSM652199
GSE26523,Keratinocytes (1h),drugactivation,EPHB2,?,GSM652200,GSM652199
GSE26523,Keratinocytes (4h),drugactivation,EFNA4,?,GSM652204,GSM652202
GSE26523,Keratinocytes (4h),drugactivation,EPHB2,?,GSM652203,GSM652202
GSE26523,Keratinocytes (24h),drugactivation,EFNA4,?,GSM652207,GSM652205
GSE26523,Keratinocytes (24h),drugactivation,EPHB2,?,GSM652206,GSM652205
GSE26523,Keratinocytes (48h),drugactivation,EFNA4,?,GSM652210,GSM652208
GSE26523,Keratinocytes (48h),drugactivation,EPHB2,?,GSM652209,GSM652208
GSE27871,HUVEC,knockdown,ABL1,?,GSM688049,GSM688449;GSM688450;GSM688451
GSE27871,HUVEC,knockdown,AFF1,?,GSM688050,GSM688449;GSM688450;GSM688451
GSE27871,HUVEC,knockdown,AKT1,?,GSM688051,GSM688449;GSM688450;GSM688451
GSE27871,HUVEC,knockdown,ANAPC2,?,GSM688052,GSM688449;GSM688450;GSM688451
GSE27871,HUVEC,knockdown,ANGPT1,?,GSM688053,GSM688449;GSM688450;GSM688451
GSE27871,HUVEC,knockdown,ANGPT2,?,GSM688054,GSM688449;GSM688450;GSM688451
GSE27871,HUVEC,knockdown,ARHGAP1,?,GSM688055,GSM688449;GSM688450;GSM688451
GSE27871,HUVEC,knockdown,ARHGAP4,?,GSM688056,GSM688449;GSM688450;GSM688451
GSE27871,HUVEC,knockdown,ARHGEF1,?,GSM688057,GSM688449;GSM688450;GSM688451
GSE27871,HUVEC,knockdown,ASNS,?,GSM688058,GSM688449;GSM688450;GSM688451
GSE27871,HUVEC,knockdown,ATBF1,?,GSM688059,GSM688449;GSM688450;GSM688451
GSE27871,HUVEC,knockdown,ATM,?,GSM688060,GSM688449;GSM688450;GSM688451
GSE27871,HUVEC,knockdown,ATP13A3,?,GSM688061,GSM688449;GSM688450;GSM688451
GSE27871,HUVEC,knockdown,ATR,?,GSM688062,GSM688449;GSM688450;GSM688451
GSE27871,HUVEC,knockdown,AURKA,?,GSM688063,GSM688449;GSM688450;GSM688451
GSE27871,HUVEC,knockdown,AURKB,?,GSM688064,GSM688449;GSM688450;GSM688451
GSE27871,HUVEC,knockdown,BCAP31,?,GSM688065,GSM688449;GSM688450;GSM688451
GSE27871,HUVEC,knockdown,BCL6,?,GSM688066,GSM688449;GSM688450;GSM688451
GSE27871,HUVEC,knockdown,BCOR,?,GSM688067,GSM688449;GSM688450;GSM688451
GSE27871,HUVEC,knockdown,BDNF,?,GSM688068,GSM688449;GSM688450;GSM688451
GSE27871,HUVEC,knockdown,BIRC6,?,GSM688069,GSM688449;GSM688450;GSM688451
GSE27871,HUVEC,knockdown,C17orf62,?,GSM688070,GSM688449;GSM688450;GSM688451
GSE27871,HUVEC,knockdown,C3orf26,?,GSM688071,GSM688449;GSM688450;GSM688451
GSE27871,HUVEC,knockdown,CASP1,?,GSM688072,GSM688449;GSM688450;GSM688451
GSE27871,HUVEC,knockdown,CCL2,?,GSM688073,GSM688449;GSM688450;GSM688451
GSE27871,HUVEC,knockdown,CCNA1,?,GSM688074,GSM688449;GSM688450;GSM688451
GSE27871,HUVEC,knockdown,CCNA2,?,GSM688075,GSM688449;GSM688450;GSM688451
GSE27871,HUVEC,knockdown,CCNB1,?,GSM688076,GSM688449;GSM688450;GSM688451
GSE27871,HUVEC,knockdown,CCNB2,?,GSM688077,GSM688449;GSM688450;GSM688451
GSE27871,HUVEC,knockdown,CCNB3,?,GSM688078,GSM688449;GSM688450;GSM688451
GSE27871,HUVEC,knockdown,CCNC,?,GSM688079,GSM688449;GSM688450;GSM688451
GSE27871,HUVEC,knockdown,CCND1,?,GSM688080,GSM688449;GSM688450;GSM688451
GSE27871,HUVEC,knockdown,CCND2,?,GSM688081,GSM688449;GSM688450;GSM688451
GSE27871,HUVEC,knockdown,CCND3,?,GSM688082,GSM688449;GSM688450;GSM688451
GSE27871,HUVEC,knockdown,CCNE1,?,GSM688083,GSM688449;GSM688450;GSM688451
GSE27871,HUVEC,knockdown,CCNE2,?,GSM688084,GSM688449;GSM688450;GSM688451
GSE27871,HUVEC,knockdown,CCNF,?,GSM688085,GSM688449;GSM688450;GSM688451
GSE27871,HUVEC,knockdown,CCNG1,?,GSM688086,GSM688449;GSM688450;GSM688451
GSE27871,HUVEC,knockdown,CCNG2,?,GSM688087,GSM688449;GSM688450;GSM688451
GSE27871,HUVEC,knockdown,CCNH,?,GSM688088,GSM688449;GSM688450;GSM688451
GSE27871,HUVEC,knockdown,CCNI,?,GSM688089,GSM688449;GSM688450;GSM688451
GSE27871,HUVEC,knockdown,CCNT1,?,GSM688090,GSM688449;GSM688450;GSM688451
GSE27871,HUVEC,knockdown,CCNT2,?,GSM688091,GSM688449;GSM688450;GSM688451
GSE27871,HUVEC,knockdown,CDC16,?,GSM688092,GSM688449;GSM688450;GSM688451
GSE27871,HUVEC,knockdown,CDC20,?,GSM688093,GSM688449;GSM688450;GSM688451
GSE27871,HUVEC,knockdown,CDC25A,?,GSM688094,GSM688449;GSM688450;GSM688451
GSE27871,HUVEC,knockdown,CDC25B,?,GSM688095,GSM688449;GSM688450;GSM688451
GSE27871,HUVEC,knockdown,CDC25C,?,GSM688096,GSM688449;GSM688450;GSM688451
GSE27871,HUVEC,knockdown,CDC27,?,GSM688097,GSM688449;GSM688450;GSM688451
GSE27871,HUVEC,knockdown,CDC2,?,GSM688098,GSM688449;GSM688450;GSM688451
GSE27871,HUVEC,knockdown,CDC34,?,GSM688099,GSM688449;GSM688450;GSM688451
GSE27871,HUVEC,knockdown,CDC37,?,GSM688100,GSM688449;GSM688450;GSM688451
GSE27871,HUVEC,knockdown,CDC42EP1,?,GSM688101,GSM688449;GSM688450;GSM688451
GSE27871,HUVEC,knockdown,CDC42EP4,?,GSM688102,GSM688449;GSM688450;GSM688451
GSE27871,HUVEC,knockdown,CDC45L,?,GSM688103,GSM688449;GSM688450;GSM688451
GSE27871,HUVEC,knockdown,CDC6,?,GSM688104,GSM688449;GSM688450;GSM688451
GSE27871,HUVEC,knockdown,CDC7,?,GSM688105,GSM688449;GSM688450;GSM688451
GSE27871,HUVEC,knockdown,CDH12,?,GSM688106,GSM688449;GSM688450;GSM688451
GSE27871,HUVEC,knockdown,CDH2,?,GSM688107,GSM688449;GSM688450;GSM688451
GSE27871,HUVEC,knockdown,CDH5,?,GSM688108,GSM688449;GSM688450;GSM688451
GSE27871,HUVEC,knockdown,CDK10,?,GSM688109,GSM688449;GSM688450;GSM688451
GSE27871,HUVEC,knockdown,CDK2,?,GSM688110,GSM688449;GSM688450;GSM688451
GSE27871,HUVEC,knockdown,CDK3,?,GSM688111,GSM688449;GSM688450;GSM688451
GSE27871,HUVEC,knockdown,CDK4,?,GSM688112,GSM688449;GSM688450;GSM688451
GSE27871,HUVEC,knockdown,CDK5,?,GSM688113,GSM688449;GSM688450;GSM688451
GSE27871,HUVEC,knockdown,CDK6,?,GSM688114,GSM688449;GSM688450;GSM688451
GSE27871,HUVEC,knockdown,CDK7,?,GSM688115,GSM688449;GSM688450;GSM688451
GSE27871,HUVEC,knockdown,CDK8,?,GSM688116,GSM688449;GSM688450;GSM688451
GSE27871,HUVEC,knockdown,CDK9,?,GSM688117,GSM688449;GSM688450;GSM688451
GSE27871,HUVEC,knockdown,CDKN1C,?,GSM688118,GSM688449;GSM688450;GSM688451
GSE27871,HUVEC,knockdown,CDKN2B,?,GSM688119,GSM688449;GSM688450;GSM688451
GSE27871,HUVEC,knockdown,CDKN2C,?,GSM688120,GSM688449;GSM688450;GSM688451
GSE27871,HUVEC,knockdown,CDKN2D,?,GSM688121,GSM688449;GSM688450;GSM688451
GSE27871,HUVEC,knockdown,CDT1,?,GSM688122,GSM688449;GSM688450;GSM688451
GSE27871,HUVEC,knockdown,CEBPA,?,GSM688123,GSM688449;GSM688450;GSM688451
GSE27871,HUVEC,knockdown,CEBPB,?,GSM688124,GSM688449;GSM688450;GSM688451
GSE27871,HUVEC,knockdown,CEBPD,?,GSM688125,GSM688449;GSM688450;GSM688451
GSE27871,HUVEC,knockdown,CEBPG,?,GSM688126,GSM688449;GSM688450;GSM688451
GSE27871,HUVEC,knockdown,CEBPZ,?,GSM688127,GSM688449;GSM688450;GSM688451
GSE27871,HUVEC,knockdown,CENPA,?,GSM688128,GSM688449;GSM688450;GSM688451
GSE27871,HUVEC,knockdown,CENPB,?,GSM688129,GSM688449;GSM688450;GSM688451
GSE27871,HUVEC,knockdown,CENPC1,?,GSM688130,GSM688449;GSM688450;GSM688451
GSE27871,HUVEC,knockdown,CENPE,?,GSM688131,GSM688449;GSM688450;GSM688451
GSE27871,HUVEC,knockdown,CENPF,?,GSM688132,GSM688449;GSM688450;GSM688451
GSE27871,HUVEC,knockdown,CENPH,?,GSM688133,GSM688449;GSM688450;GSM688451
GSE27871,HUVEC,knockdown,CFB,?,GSM688134,GSM688449;GSM688450;GSM688451
GSE27871,HUVEC,knockdown,CFLAR,?,GSM688135,GSM688449;GSM688450;GSM688451
GSE27871,HUVEC,knockdown,CHEK1,?,GSM688136,GSM688449;GSM688450;GSM688451
GSE27871,HUVEC,knockdown,CHEK2,?,GSM688137,GSM688449;GSM688450;GSM688451
GSE27871,HUVEC,knockdown,CHUK,?,GSM688138,GSM688449;GSM688450;GSM688451
GSE27871,HUVEC,knockdown,CREB1,?,GSM688139,GSM688449;GSM688450;GSM688451
GSE27871,HUVEC,knockdown,CREBBP,?,GSM688140,GSM688449;GSM688450;GSM688451
GSE27871,HUVEC,knockdown,CREM,?,GSM688141,GSM688449;GSM688450;GSM688451
GSE27871,HUVEC,knockdown,CRI1,?,GSM688142,GSM688449;GSM688450;GSM688451
GSE27871,HUVEC,knockdown,CRK,?,GSM688143,GSM688449;GSM688450;GSM688451
GSE27871,HUVEC,knockdown,CRX,?,GSM688144,GSM688449;GSM688450;GSM688451
GSE27871,HUVEC,knockdown,CTCF,?,GSM688145,GSM688449;GSM688450;GSM688451
GSE27871,HUVEC,knockdown,CTNNB1,?,GSM688146,GSM688449;GSM688450;GSM688451
GSE27871,HUVEC,knockdown,CWC15,?,GSM688147,GSM688449;GSM688450;GSM688451
GSE27871,HUVEC,knockdown,CX3CL1,?,GSM688148,GSM688449;GSM688450;GSM688451
GSE27871,HUVEC,knockdown,CX3CR1,?,GSM688149,GSM688449;GSM688450;GSM688451
GSE27871,HUVEC,knockdown,CXCL10,?,GSM688150,GSM688449;GSM688450;GSM688451
GSE27871,HUVEC,knockdown,CXCL11,?,GSM688151,GSM688449;GSM688450;GSM688451
GSE27871,HUVEC,knockdown,CXCL1,?,GSM688152,GSM688449;GSM688450;GSM688451
GSE27871,HUVEC,knockdown,CXCL2,?,GSM688153,GSM688449;GSM688450;GSM688451
GSE27871,HUVEC,knockdown,CXCL3,?,GSM688154,GSM688449;GSM688450;GSM688451
GSE27871,HUVEC,knockdown,CXCR3,?,GSM688155,GSM688449;GSM688450;GSM688451
GSE27871,HUVEC,knockdown,DDX58,?,GSM688156,GSM688449;GSM688450;GSM688451
GSE27871,HUVEC,knockdown,DEK,?,GSM688157,GSM688449;GSM688450;GSM688451
GSE27871,HUVEC,knockdown,DHX15,?,GSM688158,GSM688449;GSM688450;GSM688451
GSE27871,HUVEC,knockdown,DLX4,?,GSM688159,GSM688449;GSM688450;GSM688451
GSE27871,HUVEC,knockdown,DUSP1,?,GSM688160,GSM688449;GSM688450;GSM688451
GSE27871,HUVEC,knockdown,DUT,?,GSM688161,GSM688449;GSM688450;GSM688451
GSE27871,HUVEC,knockdown,E2F1,?,GSM688162,GSM688449;GSM688450;GSM688451
GSE27871,HUVEC,knockdown,E2F2,?,GSM688163,GSM688449;GSM688450;GSM688451
GSE27871,HUVEC,knockdown,E2F3,?,GSM688164,GSM688449;GSM688450;GSM688451
GSE27871,HUVEC,knockdown,E2F4,?,GSM688165,GSM688449;GSM688450;GSM688451
GSE27871,HUVEC,knockdown,E2F5,?,GSM688166,GSM688449;GSM688450;GSM688451
GSE27871,HUVEC,knockdown,E2F6,?,GSM688167,GSM688449;GSM688450;GSM688451
GSE27871,HUVEC,knockdown,EAF1,?,GSM688168,GSM688449;GSM688450;GSM688451
GSE27871,HUVEC,knockdown,EDF1,?,GSM688169,GSM688449;GSM688450;GSM688451
GSE27871,HUVEC,knockdown,EFNA1,?,GSM688170,GSM688449;GSM688450;GSM688451
GSE27871,HUVEC,knockdown,EFNB1,?,GSM688171,GSM688449;GSM688450;GSM688451
GSE27871,HUVEC,knockdown,EFNB2,?,GSM688172,GSM688449;GSM688450;GSM688451
GSE27871,HUVEC,knockdown,EGR1,?,GSM688173,GSM688449;GSM688450;GSM688451
GSE27871,HUVEC,knockdown,ELP2,?,GSM688174,GSM688449;GSM688450;GSM688451
GSE27871,HUVEC,knockdown,ENG,?,GSM688175,GSM688449;GSM688450;GSM688451
GSE27871,HUVEC,knockdown,ERF,?,GSM688176,GSM688449;GSM688450;GSM688451
GSE27871,HUVEC,knockdown,ESRRA,?,GSM688177,GSM688449;GSM688450;GSM688451
GSE27871,HUVEC,knockdown,ETS2,?,GSM688178,GSM688449;GSM688450;GSM688451
GSE27871,HUVEC,knockdown,ETV4,?,GSM688179,GSM688449;GSM688450;GSM688451
GSE27871,HUVEC,knockdown,ETV5,?,GSM688180,GSM688449;GSM688450;GSM688451
GSE27871,HUVEC,knockdown,ETV6,?,GSM688181,GSM688449;GSM688450;GSM688451
GSE27871,HUVEC,knockdown,ETV7,?,GSM688182,GSM688449;GSM688450;GSM688451
GSE27871,HUVEC,knockdown,FABP4,?,GSM688183,GSM688449;GSM688450;GSM688451
GSE27871,HUVEC,knockdown,FAIM3,?,GSM688184,GSM688449;GSM688450;GSM688451
GSE27871,HUVEC,knockdown,FAM78A,?,GSM688185,GSM688449;GSM688450;GSM688451
GSE27871,HUVEC,knockdown,FBXO32,?,GSM688186,GSM688449;GSM688450;GSM688451
GSE27871,HUVEC,knockdown,FGFR1,?,GSM688187,GSM688449;GSM688450;GSM688451
GSE27871,HUVEC,knockdown,FLT1,?,GSM688188,GSM688449;GSM688450;GSM688451
GSE27871,HUVEC,knockdown,FLT3,?,GSM688189,GSM688449;GSM688450;GSM688451
GSE27871,HUVEC,knockdown,FLT4,?,GSM688190,GSM688449;GSM688450;GSM688451
GSE27871,HUVEC,knockdown,FOSL1,?,GSM688191,GSM688449;GSM688450;GSM688451
GSE27871,HUVEC,knockdown,FOSL2,?,GSM688192,GSM688449;GSM688450;GSM688451
GSE27871,HUVEC,knockdown,FOS,?,GSM688193,GSM688449;GSM688450;GSM688451
GSE27871,HUVEC,knockdown,FOXC1,?,GSM688194,GSM688449;GSM688450;GSM688451
GSE27871,HUVEC,knockdown,FOXD2,?,GSM688195,GSM688449;GSM688450;GSM688451
GSE27871,HUVEC,knockdown,FOXF1,?,GSM688196,GSM688449;GSM688450;GSM688451
GSE27871,HUVEC,knockdown,FOXJ2,?,GSM688197,GSM688449;GSM688450;GSM688451
GSE27871,HUVEC,knockdown,FOXM1,?,GSM688198,GSM688449;GSM688450;GSM688451
GSE27871,HUVEC,knockdown,FOXO1A,?,GSM688199,GSM688449;GSM688450;GSM688451
GSE27871,HUVEC,knockdown,FOXO3A,?,GSM688200,GSM688449;GSM688450;GSM688451
GSE27871,HUVEC,knockdown,GABARAP,?,GSM688201,GSM688449;GSM688450;GSM688451
GSE27871,HUVEC,knockdown,GABPA,?,GSM688202,GSM688449;GSM688450;GSM688451
GSE27871,HUVEC,knockdown,GABPB2,?,GSM688203,GSM688449;GSM688450;GSM688451
GSE27871,HUVEC,knockdown,GATA1,?,GSM688204,GSM688449;GSM688450;GSM688451
GSE27871,HUVEC,knockdown,GATA3,?,GSM688205,GSM688449;GSM688450;GSM688451
GSE27871,HUVEC,knockdown,GATA4,?,GSM688206,GSM688449;GSM688450;GSM688451
GSE27871,HUVEC,knockdown,GATA6,?,GSM688207,GSM688449;GSM688450;GSM688451
GSE27871,HUVEC,knockdown,GMNN,?,GSM688208,GSM688449;GSM688450;GSM688451
GSE27871,HUVEC,knockdown,GPR4,?,GSM688209,GSM688449;GSM688450;GSM688451
GSE27871,HUVEC,knockdown,GTF2A2,?,GSM688210,GSM688449;GSM688450;GSM688451
GSE27871,HUVEC,knockdown,GTF2B,?,GSM688211,GSM688449;GSM688450;GSM688451
GSE27871,HUVEC,knockdown,GTF2E1,?,GSM688212,GSM688449;GSM688450;GSM688451
GSE27871,HUVEC,knockdown,GTF2E2,?,GSM688213,GSM688449;GSM688450;GSM688451
GSE27871,HUVEC,knockdown,GTF2F1,?,GSM688214,GSM688449;GSM688450;GSM688451
GSE27871,HUVEC,knockdown,GTF2F2,?,GSM688215,GSM688449;GSM688450;GSM688451
GSE27871,HUVEC,knockdown,GTF2H1,?,GSM688216,GSM688449;GSM688450;GSM688451
GSE27871,HUVEC,knockdown,GTF2H4,?,GSM688217,GSM688449;GSM688450;GSM688451
GSE27871,HUVEC,knockdown,GTF2I,?,GSM688218,GSM688449;GSM688450;GSM688451
GSE27871,HUVEC,knockdown,GTF3C2,?,GSM688219,GSM688449;GSM688450;GSM688451
GSE27871,HUVEC,knockdown,HDAC1,?,GSM688220,GSM688449;GSM688450;GSM688451
GSE27871,HUVEC,knockdown,HDAC2,?,GSM688221,GSM688449;GSM688450;GSM688451
GSE27871,HUVEC,knockdown,HDAC3,?,GSM688222,GSM688449;GSM688450;GSM688451
GSE27871,HUVEC,knockdown,HDAC5,?,GSM688223,GSM688449;GSM688450;GSM688451
GSE27871,HUVEC,knockdown,HES1,?,GSM688224,GSM688449;GSM688450;GSM688451
GSE27871,HUVEC,knockdown,HHEX,?,GSM688225,GSM688449;GSM688450;GSM688451
GSE27871,HUVEC,knockdown,HIPK2,?,GSM688226,GSM688449;GSM688450;GSM688451
GSE27871,HUVEC,knockdown,HIRA,?,GSM688227,GSM688449;GSM688450;GSM688451
GSE27871,HUVEC,knockdown,HIVEP2,?,GSM688228,GSM688449;GSM688450;GSM688451
GSE27871,HUVEC,knockdown,HOXA11,?,GSM688229,GSM688449;GSM688450;GSM688451
GSE27871,HUVEC,knockdown,HSF2,?,GSM688230,GSM688449;GSM688450;GSM688451
GSE27871,HUVEC,knockdown,HSF4,?,GSM688231,GSM688449;GSM688450;GSM688451
GSE27871,HUVEC,knockdown,HSPA4,?,GSM688232,GSM688449;GSM688450;GSM688451
GSE27871,HUVEC,knockdown,HUS1,?,GSM688233,GSM688449;GSM688450;GSM688451
GSE27871,HUVEC,knockdown,ID1,?,GSM688234,GSM688449;GSM688450;GSM688451
GSE27871,HUVEC,knockdown,IFIH1,?,GSM688235,GSM688449;GSM688450;GSM688451
GSE27871,HUVEC,knockdown,IFIT3,?,GSM688236,GSM688449;GSM688450;GSM688451
GSE27871,HUVEC,knockdown,IKBKB,?,GSM688237,GSM688449;GSM688450;GSM688451
GSE27871,HUVEC,knockdown,IKBKE,?,GSM688238,GSM688449;GSM688450;GSM688451
GSE27871,HUVEC,knockdown,IKBKG,?,GSM688239,GSM688449;GSM688450;GSM688451
GSE27871,HUVEC,knockdown,IL15RA,?,GSM688240,GSM688449;GSM688450;GSM688451
GSE27871,HUVEC,knockdown,IL15,?,GSM688241,GSM688449;GSM688450;GSM688451
GSE27871,HUVEC,knockdown,IL1A,?,GSM688242,GSM688449;GSM688450;GSM688451
GSE27871,HUVEC,knockdown,IL1B,?,GSM688243,GSM688449;GSM688450;GSM688451
GSE27871,HUVEC,knockdown,IL1R1,?,GSM688244,GSM688449;GSM688450;GSM688451
GSE27871,HUVEC,knockdown,IL1R2,?,GSM688245,GSM688449;GSM688450;GSM688451
GSE27871,HUVEC,knockdown,IL2RB,?,GSM688246,GSM688449;GSM688450;GSM688451
GSE27871,HUVEC,knockdown,IL2RG,?,GSM688247,GSM688449;GSM688450;GSM688451
GSE27871,HUVEC,knockdown,IL4I1,?,GSM688248,GSM688449;GSM688450;GSM688451
GSE27871,HUVEC,knockdown,IL6,?,GSM688249,GSM688449;GSM688450;GSM688451
GSE27871,HUVEC,knockdown,IL8RA,?,GSM688250,GSM688449;GSM688450;GSM688451
GSE27871,HUVEC,knockdown,IL8RB,?,GSM688251,GSM688449;GSM688450;GSM688451
GSE27871,HUVEC,knockdown,IL8,?,GSM688252,GSM688449;GSM688450;GSM688451
GSE27871,HUVEC,knockdown,ILF2,?,GSM688253,GSM688449;GSM688450;GSM688451
GSE27871,HUVEC,knockdown,ILF3,?,GSM688254,GSM688449;GSM688450;GSM688451
GSE27871,HUVEC,knockdown,IRAK1,?,GSM688255,GSM688449;GSM688450;GSM688451
GSE27871,HUVEC,knockdown,IRF1,?,GSM688256,GSM688449;GSM688450;GSM688451
GSE27871,HUVEC,knockdown,IRF7,?,GSM688257,GSM688449;GSM688450;GSM688451
GSE27871,HUVEC,knockdown,ISL1,?,GSM688258,GSM688449;GSM688450;GSM688451
GSE27871,HUVEC,knockdown,JUNB,?,GSM688259,GSM688449;GSM688450;GSM688451
GSE27871,HUVEC,knockdown,JUN,?,GSM688260,GSM688449;GSM688450;GSM688451
GSE27871,HUVEC,knockdown,JunD,?,GSM688261,GSM688449;GSM688450;GSM688451
GSE27871,HUVEC,knockdown,KDM5A,?,GSM688262,GSM688449;GSM688450;GSM688451
GSE27871,HUVEC,knockdown,KDR,?,GSM688263,GSM688449;GSM688450;GSM688451
GSE27871,HUVEC,knockdown,KLF2,?,GSM688264,GSM688449;GSM688450;GSM688451
GSE27871,HUVEC,knockdown,LTA4H,?,GSM688265,GSM688449;GSM688450;GSM688451
GSE27871,HUVEC,knockdown,MAD2L1,?,GSM688266,GSM688449;GSM688450;GSM688451
GSE27871,HUVEC,knockdown,MAD2L2,?,GSM688267,GSM688449;GSM688450;GSM688451
GSE27871,HUVEC,knockdown,MAFF,?,GSM688268,GSM688449;GSM688450;GSM688451
GSE27871,HUVEC,knockdown,MAP2K1,?,GSM688269,GSM688449;GSM688450;GSM688451
GSE27871,HUVEC,knockdown,MAPK14,?,GSM688270,GSM688449;GSM688450;GSM688451
GSE27871,HUVEC,knockdown,MAPK1,?,GSM688271,GSM688449;GSM688450;GSM688451
GSE27871,HUVEC,knockdown,MARCH7,?,GSM688272,GSM688449;GSM688450;GSM688451
GSE27871,HUVEC,knockdown,MAX,?,GSM688273,GSM688449;GSM688450;GSM688451
GSE27871,HUVEC,knockdown,MAZ,?,GSM688274,GSM688449;GSM688450;GSM688451
GSE27871,HUVEC,knockdown,MCM2,?,GSM688275,GSM688449;GSM688450;GSM688451
GSE27871,HUVEC,knockdown,MCM3,?,GSM688276,GSM688449;GSM688450;GSM688451
GSE27871,HUVEC,knockdown,MCM4,?,GSM688277,GSM688449;GSM688450;GSM688451
GSE27871,HUVEC,knockdown,MCM5,?,GSM688278,GSM688449;GSM688450;GSM688451
GSE27871,HUVEC,knockdown,MCM6,?,GSM688279,GSM688449;GSM688450;GSM688451
GSE27871,HUVEC,knockdown,MCM7,?,GSM688280,GSM688449;GSM688450;GSM688451
GSE27871,HUVEC,knockdown,MDM2,?,GSM688281,GSM688449;GSM688450;GSM688451
GSE27871,HUVEC,knockdown,MECP2,?,GSM688282,GSM688449;GSM688450;GSM688451
GSE27871,HUVEC,knockdown,MED1,?,GSM688283,GSM688449;GSM688450;GSM688451
GSE27871,HUVEC,knockdown,MED7,?,GSM688284,GSM688449;GSM688450;GSM688451
GSE27871,HUVEC,knockdown,MEOX2,?,GSM688285,GSM688449;GSM688450;GSM688451
GSE27871,HUVEC,knockdown,MKI67,?,GSM688286,GSM688449;GSM688450;GSM688451
GSE27871,HUVEC,knockdown,MLL2,?,GSM688287,GSM688449;GSM688450;GSM688451
GSE27871,HUVEC,knockdown,MLL,?,GSM688288,GSM688449;GSM688450;GSM688451
GSE27871,HUVEC,knockdown,MNAT1,?,GSM688289,GSM688449;GSM688450;GSM688451
GSE27871,HUVEC,knockdown,MNT,?,GSM688290,GSM688449;GSM688450;GSM688451
GSE27871,HUVEC,knockdown,MSC,?,GSM688291,GSM688449;GSM688450;GSM688451
GSE27871,HUVEC,knockdown,MSX1,?,GSM688292,GSM688449;GSM688450;GSM688451
GSE27871,HUVEC,knockdown,MYBL2,?,GSM688293,GSM688449;GSM688450;GSM688451
GSE27871,HUVEC,knockdown,MYCBP,?,GSM688294,GSM688449;GSM688450;GSM688451
GSE27871,HUVEC,knockdown,MYC,?,GSM688295,GSM688449;GSM688450;GSM688451
GSE27871,HUVEC,knockdown,MYOG,?,GSM688296,GSM688449;GSM688450;GSM688451
GSE27871,HUVEC,knockdown,NCOR1,?,GSM688297,GSM688449;GSM688450;GSM688451
GSE27871,HUVEC,knockdown,NCOR2,?,GSM688298,GSM688449;GSM688450;GSM688451
GSE27871,HUVEC,knockdown,NFATC1,?,GSM688299,GSM688449;GSM688450;GSM688451
GSE27871,HUVEC,knockdown,NFKBIA,?,GSM688300,GSM688449;GSM688450;GSM688451
GSE27871,HUVEC,knockdown,NFKBIE,?,GSM688301,GSM688449;GSM688450;GSM688451
GSE27871,HUVEC,knockdown,NFKB1,?,GSM688302,GSM688449;GSM688450;GSM688451
GSE27871,HUVEC,knockdown,NFKB2,?,GSM688303,GSM688449;GSM688450;GSM688451
GSE27871,HUVEC,knockdown,NFKBIL1,?,GSM688304,GSM688449;GSM688450;GSM688451
GSE27871,HUVEC,knockdown,NFKBIL2,?,GSM688305,GSM688449;GSM688450;GSM688451
GSE27871,HUVEC,knockdown,NKX3-1,?,GSM688306,GSM688449;GSM688450;GSM688451
GSE27871,HUVEC,knockdown,NMI,?,GSM688307,GSM688449;GSM688450;GSM688451
GSE27871,HUVEC,knockdown,NR2F2,?,GSM688308,GSM688449;GSM688450;GSM688451
GSE27871,HUVEC,knockdown,NRP1,?,GSM688309,GSM688449;GSM688450;GSM688451
GSE27871,HUVEC,knockdown,NUDT5,?,GSM688310,GSM688449;GSM688450;GSM688451
GSE27871,HUVEC,knockdown,ORC1L,?,GSM688311,GSM688449;GSM688450;GSM688451
GSE27871,HUVEC,knockdown,ORC2L,?,GSM688312,GSM688449;GSM688450;GSM688451
GSE27871,HUVEC,knockdown,ORC3L,?,GSM688313,GSM688449;GSM688450;GSM688451
GSE27871,HUVEC,knockdown,ORC4L,?,GSM688314,GSM688449;GSM688450;GSM688451
GSE27871,HUVEC,knockdown,ORC5L,?,GSM688315,GSM688449;GSM688450;GSM688451
GSE27871,HUVEC,knockdown,ORC6L,?,GSM688316,GSM688449;GSM688450;GSM688451
GSE27871,HUVEC,knockdown,PCNA,?,GSM688317,GSM688449;GSM688450;GSM688451
GSE27871,HUVEC,knockdown,PDGFRA,?,GSM688318,GSM688449;GSM688450;GSM688451
GSE27871,HUVEC,knockdown,PDGFRB,?,GSM688319,GSM688449;GSM688450;GSM688451
GSE27871,HUVEC,knockdown,PIAS1,?,GSM688320,GSM688449;GSM688450;GSM688451
GSE27871,HUVEC,knockdown,PIAS3,?,GSM688321,GSM688449;GSM688450;GSM688451
GSE27871,HUVEC,knockdown,PIK3CB,?,GSM688322,GSM688449;GSM688450;GSM688451
GSE27871,HUVEC,knockdown,PIK3CD,?,GSM688323,GSM688449;GSM688450;GSM688451
GSE27871,HUVEC,knockdown,PIK3CG,?,GSM688324,GSM688449;GSM688450;GSM688451
GSE27871,HUVEC,knockdown,PIK3R1,?,GSM688325,GSM688449;GSM688450;GSM688451
GSE27871,HUVEC,knockdown,PIK3R2,?,GSM688326,GSM688449;GSM688450;GSM688451
GSE27871,HUVEC,knockdown,PIK3R3,?,GSM688327,GSM688449;GSM688450;GSM688451
GSE27871,HUVEC,knockdown,PIN1P1,?,GSM688328,GSM688449;GSM688450;GSM688451
GSE27871,HUVEC,knockdown,PIN1,?,GSM688329,GSM688449;GSM688450;GSM688451
GSE27871,HUVEC,knockdown,PKNOX2,?,GSM688330,GSM688449;GSM688450;GSM688451
GSE27871,HUVEC,knockdown,PLK1,?,GSM688331,GSM688449;GSM688450;GSM688451
GSE27871,HUVEC,knockdown,PLK2,?,GSM688332,GSM688449;GSM688450;GSM688451
GSE27871,HUVEC,knockdown,PLK3,?,GSM688333,GSM688449;GSM688450;GSM688451
GSE27871,HUVEC,knockdown,PML,?,GSM688334,GSM688449;GSM688450;GSM688451
GSE27871,HUVEC,knockdown,POLR2A,?,GSM688335,GSM688449;GSM688450;GSM688451
GSE27871,HUVEC,knockdown,POLR2C,?,GSM688336,GSM688449;GSM688450;GSM688451
GSE27871,HUVEC,knockdown,POLR2D,?,GSM688337,GSM688449;GSM688450;GSM688451
GSE27871,HUVEC,knockdown,POLR2E,?,GSM688338,GSM688449;GSM688450;GSM688451
GSE27871,HUVEC,knockdown,POLR2I,?,GSM688339,GSM688449;GSM688450;GSM688451
GSE27871,HUVEC,knockdown,POU2F1,?,GSM688340,GSM688449;GSM688450;GSM688451
GSE27871,HUVEC,knockdown,POU6F1,?,GSM688341,GSM688449;GSM688450;GSM688451
GSE27871,HUVEC,knockdown,PPARA,?,GSM688342,GSM688449;GSM688450;GSM688451
GSE27871,HUVEC,knockdown,PPARD,?,GSM688343,GSM688449;GSM688450;GSM688451
GSE27871,HUVEC,knockdown,PPP3CB,?,GSM688344,GSM688449;GSM688450;GSM688451
GSE27871,HUVEC,knockdown,PPP5C,?,GSM688345,GSM688449;GSM688450;GSM688451
GSE27871,HUVEC,knockdown,PRKACB,?,GSM688346,GSM688449;GSM688450;GSM688451
GSE27871,HUVEC,knockdown,PRKAR1A,?,GSM688347,GSM688449;GSM688450;GSM688451
GSE27871,HUVEC,knockdown,PRKCA,?,GSM688348,GSM688449;GSM688450;GSM688451
GSE27871,HUVEC,knockdown,PRKRIR,?,GSM688349,GSM688449;GSM688450;GSM688451
GSE27871,HUVEC,knockdown,PRMT1,?,GSM688350,GSM688449;GSM688450;GSM688451
GSE27871,HUVEC,knockdown,PTGS2,?,GSM688351,GSM688449;GSM688450;GSM688451
GSE27871,HUVEC,knockdown,PTMA,?,GSM688352,GSM688449;GSM688450;GSM688451
GSE27871,HUVEC,knockdown,PTX3,?,GSM688353,GSM688449;GSM688450;GSM688451
GSE27871,HUVEC,knockdown,RAC1,?,GSM688354,GSM688449;GSM688450;GSM688451
GSE27871,HUVEC,knockdown,RAD17,?,GSM688355,GSM688449;GSM688450;GSM688451
GSE27871,HUVEC,knockdown,RAD1,?,GSM688356,GSM688449;GSM688450;GSM688451
GSE27871,HUVEC,knockdown,RAD9A,?,GSM688357,GSM688449;GSM688450;GSM688451
GSE27871,HUVEC,knockdown,RARB,?,GSM688358,GSM688449;GSM688450;GSM688451
GSE27871,HUVEC,knockdown,RARG,?,GSM688359,GSM688449;GSM688450;GSM688451
GSE27871,HUVEC,knockdown,RB1,?,GSM688360,GSM688449;GSM688450;GSM688451
GSE27871,HUVEC,knockdown,RBL1,?,GSM688361,GSM688449;GSM688450;GSM688451
GSE27871,HUVEC,knockdown,RBL2,?,GSM688362,GSM688449;GSM688450;GSM688451
GSE27871,HUVEC,knockdown,RBP1,?,GSM688363,GSM688449;GSM688450;GSM688451
GSE27871,HUVEC,knockdown,RELA,?,GSM688364,GSM688449;GSM688450;GSM688451
GSE27871,HUVEC,knockdown,RELB,?,GSM688365,GSM688449;GSM688450;GSM688451
GSE27871,HUVEC,knockdown,REL,?,GSM688366,GSM688449;GSM688450;GSM688451
GSE27871,HUVEC,knockdown,RPA3,?,GSM688367,GSM688449;GSM688450;GSM688451
GSE27871,HUVEC,knockdown,RPL11,?,GSM688368,GSM688449;GSM688450;GSM688451
GSE27871,HUVEC,knockdown,RREB1,?,GSM688369,GSM688449;GSM688450;GSM688451
GSE27871,HUVEC,knockdown,RRM1,?,GSM688370,GSM688449;GSM688450;GSM688451
GSE27871,HUVEC,knockdown,RUNX1,?,GSM688371,GSM688449;GSM688450;GSM688451
GSE27871,HUVEC,knockdown,RXRA,?,GSM688372,GSM688449;GSM688450;GSM688451
GSE27871,HUVEC,knockdown,SDHB,?,GSM688373,GSM688449;GSM688450;GSM688451
GSE27871,HUVEC,knockdown,SIX3,?,GSM688374,GSM688449;GSM688450;GSM688451
GSE27871,HUVEC,knockdown,SKP1,?,GSM688375,GSM688449;GSM688450;GSM688451
GSE27871,HUVEC,knockdown,SKP2,?,GSM688376,GSM688449;GSM688450;GSM688451
GSE27871,HUVEC,knockdown,SLC15A3,?,GSM688377,GSM688449;GSM688450;GSM688451
GSE27871,HUVEC,knockdown,SMAD1,?,GSM688378,GSM688449;GSM688450;GSM688451
GSE27871,HUVEC,knockdown,SMAD4,?,GSM688379,GSM688449;GSM688450;GSM688451
GSE27871,HUVEC,knockdown,SMAD7,?,GSM688380,GSM688449;GSM688450;GSM688451
GSE27871,HUVEC,knockdown,SNAPC4,?,GSM688381,GSM688449;GSM688450;GSM688451
GSE27871,HUVEC,knockdown,SOX18,?,GSM688382,GSM688449;GSM688450;GSM688451
GSE27871,HUVEC,knockdown,SP100,?,GSM688383,GSM688449;GSM688450;GSM688451
GSE27871,HUVEC,knockdown,SP1,?,GSM688384,GSM688449;GSM688450;GSM688451
GSE27871,HUVEC,knockdown,SP2,?,GSM688385,GSM688449;GSM688450;GSM688451
GSE27871,HUVEC,knockdown,SRF,?,GSM688386,GSM688449;GSM688450;GSM688451
GSE27871,HUVEC,knockdown,STAT1,?,GSM688387,GSM688449;GSM688450;GSM688451
GSE27871,HUVEC,knockdown,STAT2,?,GSM688388,GSM688449;GSM688450;GSM688451
GSE27871,HUVEC,knockdown,STAT3,?,GSM688389,GSM688449;GSM688450;GSM688451
GSE27871,HUVEC,knockdown,STAT4,?,GSM688390,GSM688449;GSM688450;GSM688451
GSE27871,HUVEC,knockdown,STAT5A,?,GSM688391,GSM688449;GSM688450;GSM688451
GSE27871,HUVEC,knockdown,STAT5B,?,GSM688392,GSM688449;GSM688450;GSM688451
GSE27871,HUVEC,knockdown,STAT6,?,GSM688393,GSM688449;GSM688450;GSM688451
GSE27871,HUVEC,knockdown,TAF10,?,GSM688394,GSM688449;GSM688450;GSM688451
GSE27871,HUVEC,knockdown,TAF11,?,GSM688395,GSM688449;GSM688450;GSM688451
GSE27871,HUVEC,knockdown,TAF12,?,GSM688396,GSM688449;GSM688450;GSM688451
GSE27871,HUVEC,knockdown,TAF15,?,GSM688397,GSM688449;GSM688450;GSM688451
GSE27871,HUVEC,knockdown,TAF1B,?,GSM688398,GSM688449;GSM688450;GSM688451
GSE27871,HUVEC,knockdown,TAF1C,?,GSM688399,GSM688449;GSM688450;GSM688451
GSE27871,HUVEC,knockdown,TAF2,?,GSM688400,GSM688449;GSM688450;GSM688451
GSE27871,HUVEC,knockdown,TAF4,?,GSM688401,GSM688449;GSM688450;GSM688451
GSE27871,HUVEC,knockdown,TAF5L,?,GSM688402,GSM688449;GSM688450;GSM688451
GSE27871,HUVEC,knockdown,TAF5,?,GSM688403,GSM688449;GSM688450;GSM688451
GSE27871,HUVEC,knockdown,TAF6L,?,GSM688404,GSM688449;GSM688450;GSM688451
GSE27871,HUVEC,knockdown,TAF6,?,GSM688405,GSM688449;GSM688450;GSM688451
GSE27871,HUVEC,knockdown,TAF7,?,GSM688406,GSM688449;GSM688450;GSM688451
GSE27871,HUVEC,knockdown,TAF9,?,GSM688407,GSM688449;GSM688450;GSM688451
GSE27871,HUVEC,knockdown,TBP,?,GSM688408,GSM688449;GSM688450;GSM688451
GSE27871,HUVEC,knockdown,TCEA1,?,GSM688409,GSM688449;GSM688450;GSM688451
GSE27871,HUVEC,knockdown,TCEA2,?,GSM688410,GSM688449;GSM688450;GSM688451
GSE27871,HUVEC,knockdown,TCEAL1,?,GSM688411,GSM688449;GSM688450;GSM688451
GSE27871,HUVEC,knockdown,TCEAL4,?,GSM688412,GSM688449;GSM688450;GSM688451
GSE27871,HUVEC,knockdown,TCEB1,?,GSM688413,GSM688449;GSM688450;GSM688451
GSE27871,HUVEC,knockdown,TCEB3,?,GSM688414,GSM688449;GSM688450;GSM688451
GSE27871,HUVEC,knockdown,TCERG1,?,GSM688415,GSM688449;GSM688450;GSM688451
GSE27871,HUVEC,knockdown,TEK,?,GSM688416,GSM688449;GSM688450;GSM688451
GSE27871,HUVEC,knockdown,TFDP1,?,GSM688417,GSM688449;GSM688450;GSM688451
GSE27871,HUVEC,knockdown,TFDP2,?,GSM688418,GSM688449;GSM688450;GSM688451
GSE27871,HUVEC,knockdown,TFEC,?,GSM688419,GSM688449;GSM688450;GSM688451
GSE27871,HUVEC,knockdown,TFPT,?,GSM688420,GSM688449;GSM688450;GSM688451
GSE27871,HUVEC,knockdown,TGFB1,?,GSM688421,GSM688449;GSM688450;GSM688451
GSE27871,HUVEC,knockdown,TGFBR1,?,GSM688422,GSM688449;GSM688450;GSM688451
GSE27871,HUVEC,knockdown,TGIF1,?,GSM688423,GSM688449;GSM688450;GSM688451
GSE27871,HUVEC,knockdown,TIE1,?,GSM688424,GSM688449;GSM688450;GSM688451
GSE27871,HUVEC,knockdown,TM7SF2,?,GSM688425,GSM688449;GSM688450;GSM688451
GSE27871,HUVEC,knockdown,TMED2,?,GSM688426,GSM688449;GSM688450;GSM688451
GSE27871,HUVEC,knockdown,TMF1,?,GSM688427,GSM688449;GSM688450;GSM688451
GSE27871,HUVEC,knockdown,TNFAIP1,?,GSM688428,GSM688449;GSM688450;GSM688451
GSE27871,HUVEC,knockdown,TNFRSF1A,?,GSM688429,GSM688449;GSM688450;GSM688451
GSE27871,HUVEC,knockdown,TNIP2,?,GSM688430,GSM688449;GSM688450;GSM688451
GSE27871,HUVEC,knockdown,TOP2A,?,GSM688431,GSM688449;GSM688450;GSM688451
GSE27871,HUVEC,knockdown,TOP2B,?,GSM688432,GSM688449;GSM688450;GSM688451
GSE27871,HUVEC,knockdown,TOX4,?,GSM688433,GSM688449;GSM688450;GSM688451
GSE27871,HUVEC,knockdown,TP53,?,GSM688434,GSM688449;GSM688450;GSM688451
GSE27871,HUVEC,knockdown,TP63,?,GSM688435,GSM688449;GSM688450;GSM688451
GSE27871,HUVEC,knockdown,TP73,?,GSM688436,GSM688449;GSM688450;GSM688451
GSE27871,HUVEC,knockdown,TRAF1,?,GSM688437,GSM688449;GSM688450;GSM688451
GSE27871,HUVEC,knockdown,TTF2,?,GSM688438,GSM688449;GSM688450;GSM688451
GSE27871,HUVEC,knockdown,TTRAP,?,GSM688439,GSM688449;GSM688450;GSM688451
GSE27871,HUVEC,knockdown,UBE2J1,?,GSM688440,GSM688449;GSM688450;GSM688451
GSE27871,HUVEC,knockdown,USF2,?,GSM688441,GSM688449;GSM688450;GSM688451
GSE27871,HUVEC,knockdown,VASH1,?,GSM688442,GSM688449;GSM688450;GSM688451
GSE27871,HUVEC,knockdown,VAV1,?,GSM688443,GSM688449;GSM688450;GSM688451
GSE27871,HUVEC,knockdown,WT1,?,GSM688444,GSM688449;GSM688450;GSM688451
GSE27871,HUVEC,knockdown,YWHAZ,?,GSM688445,GSM688449;GSM688450;GSM688451
GSE27871,HUVEC,knockdown,ZEB1,?,GSM688446,GSM688449;GSM688450;GSM688451
GSE27871,HUVEC,knockdown,ZNF143,?,GSM688447,GSM688449;GSM688450;GSM688451
GSE27871,HUVEC,knockdown,ZNF274,?,GSM688448,GSM688449;GSM688450;GSM688451
GSE42964,HUVEC,activemutant,RAF1,?,GSM1054055;GSM1054057;GSM1054062;GSM1054064,GSM1054054;GSM1054056;GSM1054058;GSM1054060
GSE42964,HUVEC,overexpression,RAF1,?,GSM1054059;GSM1054061;GSM1054063;GSM1054065,GSM1054054;GSM1054056;GSM1054058;GSM1054060
GSE45452,Lineage-depleted chord blood cells,mutant,BCR/ABL1,?,GSM1104497;GSM1104498;GSM1104499;GSM1104500,GSM1104493;GSM1104494;GSM1104495;GSM1104496
GSE45452,Lineage-depleted chord blood cells,mutant,BCR/ABL1 + IKZF1,?,GSM1104501;GSM1104502;GSM1104503;GSM1104504,GSM1104493;GSM1104494;GSM1104495;GSM1104496
GSE46801,Melanocytes,overexpression,BRAF,?,GSM1138536;GSM1138537;GSM1138538,GSM1138533;GSM1138534;GSM1138535
